negative,neutral,positive,compound
0.0,0.769,0.231,0.2023
0.535,0.465,0.0,-0.5574
0.202,0.798,0.0,-0.5106
0.191,0.809,0.0,-0.3818
0.0,0.55,0.45,0.5994
0.0,0.625,0.375,0.5574
0.53,0.47,0.0,-0.836
0.722,0.278,0.0,-0.3818
0.0,0.872,0.128,0.296
0.646,0.354,0.0,-0.8074
0.157,0.683,0.161,0.0258
0.0,1.0,0.0,0.0
0.0,1.0,0.0,0.0
0.0,1.0,0.0,0.0
0.0,1.0,0.0,0.0
0.0,1.0,0.0,0.0
0.0,0.128,0.872,0.7783
0.0,1.0,0.0,0.0
0.722,0.278,0.0,-0.3818
0.0,1.0,0.0,0.0
0.297,0.545,0.158,-0.4215
0.0,0.58,0.42,0.4404
0.0,1.0,0.0,0.0
0.0,1.0,0.0,0.0
0.184,0.816,0.0,-0.4019
0.13,0.87,0.0,-0.2023
0.0,0.642,0.358,0.7717
0.0,1.0,0.0,0.0
0.529,0.471,0.0,-0.7906
0.0,0.679,0.321,0.6369
0.0,1.0,0.0,0.0
0.0,1.0,0.0,0.0
0.529,0.471,0.0,-0.7906
0.0,1.0,0.0,0.0
0.0,1.0,0.0,0.0
0.0,1.0,0.0,0.0
0.0,1.0,0.0,0.0
0.0,0.562,0.438,0.7783
0.0,0.698,0.302,0.0772
0.0,1.0,0.0,0.0
0.0,0.556,0.444,0.6808
0.0,1.0,0.0,0.0
0.0,0.838,0.162,0.4023
0.233,0.56,0.207,-0.1531
0.0,1.0,0.0,0.0
0.0,1.0,0.0,0.0
0.0,1.0,0.0,0.0
0.0,0.762,0.238,0.7351
0.105,0.814,0.082,-0.1506
0.0,1.0,0.0,0.0
0.0,1.0,0.0,0.0
0.0,1.0,0.0,0.0
0.0,1.0,0.0,0.0
0.168,0.56,0.272,0.34
0.0,0.885,0.115,0.1531
0.0,1.0,0.0,0.0
0.524,0.476,0.0,-0.5106
0.0,1.0,0.0,0.0
0.0,1.0,0.0,0.0
0.0,0.777,0.223,0.3182
0.0,1.0,0.0,0.0
0.0,0.435,0.565,0.3818
0.0,1.0,0.0,0.0
0.0,1.0,0.0,0.0
0.778,0.222,0.0,-0.5423
0.333,0.667,0.0,-0.3612
0.0,1.0,0.0,0.0
0.524,0.476,0.0,-0.5106
0.0,1.0,0.0,0.0
0.0,1.0,0.0,0.0
0.459,0.541,0.0,-0.6249
0.0,1.0,0.0,0.0
0.0,1.0,0.0,0.0
0.0,1.0,0.0,0.0
0.279,0.721,0.0,-0.4767
0.0,1.0,0.0,0.0
0.783,0.217,0.0,-0.5574
0.0,1.0,0.0,0.0
0.0,1.0,0.0,0.0
0.064,0.892,0.043,-0.2168
0.0,1.0,0.0,0.0
0.0,1.0,0.0,0.0
0.0,1.0,0.0,0.0
0.0,1.0,0.0,0.0
0.0,1.0,0.0,0.0
0.688,0.312,0.0,-0.5267
0.0,1.0,0.0,0.0
0.189,0.811,0.0,-0.1027
0.31,0.69,0.0,-0.4019
0.524,0.476,0.0,-0.5106
0.0,0.656,0.344,0.4939
0.423,0.577,0.0,-0.296
0.0,1.0,0.0,0.0
0.096,0.809,0.096,0.0
0.0,1.0,0.0,0.0
0.0,0.426,0.574,0.4019
0.365,0.635,0.0,-0.7841
0.0,1.0,0.0,0.0
0.091,0.537,0.372,0.7783
0.069,0.781,0.15,0.3818
0.091,0.909,0.0,-0.1027
0.103,0.187,0.71,0.9184
0.0,1.0,0.0,0.0
0.545,0.455,0.0,-0.34
0.0,1.0,0.0,0.0
0.0,1.0,0.0,0.0
0.07,0.842,0.088,0.128
0.0,0.692,0.308,0.5994
0.0,1.0,0.0,0.0
0.0,1.0,0.0,0.0
0.0,0.706,0.294,0.3612
0.0,0.455,0.545,0.5574
0.0,1.0,0.0,0.0
0.0,1.0,0.0,0.0
0.402,0.598,0.0,-0.5719
0.0,1.0,0.0,0.0
0.0,0.88,0.12,0.25
0.0,0.667,0.333,0.3612
0.0,1.0,0.0,0.0
0.247,0.639,0.114,-0.4404
0.0,0.888,0.112,0.2263
0.0,1.0,0.0,0.0
0.0,0.764,0.236,0.6249
0.175,0.718,0.107,-0.5423
0.0,1.0,0.0,0.0
0.103,0.802,0.095,-0.0516
0.085,0.423,0.492,0.91
0.0,0.734,0.266,0.5719
0.088,0.748,0.163,0.2732
0.0,0.426,0.574,0.4019
0.31,0.69,0.0,-0.4019
0.0,0.738,0.262,0.4404
0.0,0.798,0.202,0.5106
0.0,1.0,0.0,0.0
0.0,1.0,0.0,0.0
0.0,1.0,0.0,0.0
0.0,0.938,0.062,0.1531
0.0,1.0,0.0,0.0
0.0,1.0,0.0,0.0
0.574,0.426,0.0,-0.4019
0.151,0.849,0.0,-0.4939
0.0,1.0,0.0,0.0
0.0,1.0,0.0,0.0
0.0,1.0,0.0,0.0
0.0,1.0,0.0,0.0
0.0,1.0,0.0,0.0
0.0,0.745,0.255,0.5859
0.0,1.0,0.0,0.0
0.0,1.0,0.0,0.0
0.0,0.811,0.189,0.6369
0.0,1.0,0.0,0.0
0.0,0.444,0.556,0.3612
0.0,1.0,0.0,0.0
0.0,1.0,0.0,0.0
0.222,0.459,0.319,0.1743
0.0,1.0,0.0,0.0
0.0,1.0,0.0,0.0
1.0,0.0,0.0,-0.1027
0.0,1.0,0.0,0.0
0.474,0.526,0.0,-0.3818
0.241,0.667,0.092,-0.5719
0.0,0.888,0.112,0.4404
0.756,0.244,0.0,-0.7351
0.0,1.0,0.0,0.0
0.0,0.826,0.174,0.2263
0.0,0.85,0.15,0.3182
0.0,0.64,0.36,0.7351
0.0,1.0,0.0,0.0
0.0,1.0,0.0,0.0
0.455,0.545,0.0,-0.3612
0.099,0.676,0.225,0.4215
0.0,1.0,0.0,0.0
0.0,1.0,0.0,0.0
0.0,1.0,0.0,0.0
0.123,0.877,0.0,-0.1027
0.0,1.0,0.0,0.0
0.0,1.0,0.0,0.0
0.0,1.0,0.0,0.0
0.185,0.815,0.0,-0.3612
0.0,0.722,0.278,0.4019
0.442,0.558,0.0,-0.4512
0.0,1.0,0.0,0.0
0.0,0.256,0.744,0.7003
0.046,0.857,0.096,0.34
0.413,0.451,0.135,-0.8934
0.0,1.0,0.0,0.0
0.245,0.545,0.209,-0.1027
0.0,0.566,0.434,0.3182
0.0,1.0,0.0,0.0
0.0,0.738,0.262,0.8001
0.0,1.0,0.0,0.0
0.0,1.0,0.0,0.0
0.135,0.865,0.0,-0.1027
0.627,0.373,0.0,-0.7213
0.083,0.59,0.328,0.7375
0.643,0.357,0.0,-0.6597
0.0,0.488,0.512,0.6369
0.167,0.833,0.0,-0.1027
0.351,0.649,0.0,-0.4019
0.0,1.0,0.0,0.0
0.0,1.0,0.0,0.0
0.123,0.578,0.299,0.552
0.0,1.0,0.0,0.0
0.333,0.667,0.0,-0.3612
0.0,1.0,0.0,0.0
0.767,0.233,0.0,-0.765
0.0,0.698,0.302,0.0772
0.0,0.796,0.204,0.3182
0.0,0.782,0.218,0.6908
0.0,0.754,0.246,0.4404
0.0,1.0,0.0,0.0
0.0,1.0,0.0,0.0
0.083,0.59,0.328,0.7375
0.0,0.444,0.556,0.3612
0.19,0.525,0.284,0.6172
0.264,0.596,0.14,-0.4404
0.0,1.0,0.0,0.0
0.0,1.0,0.0,0.0
0.172,0.722,0.106,-0.296
0.0,1.0,0.0,0.0
0.277,0.723,0.0,-0.5574
1.0,0.0,0.0,-0.1531
0.0,0.905,0.095,0.25
0.0,1.0,0.0,0.0
0.0,1.0,0.0,0.0
0.0,0.611,0.389,0.6249
0.0,0.733,0.267,0.7351
0.0,1.0,0.0,0.0
0.0,1.0,0.0,0.0
0.623,0.377,0.0,-0.5106
0.464,0.536,0.0,-0.3818
0.0,0.0,1.0,0.4019
0.0,0.69,0.31,0.4019
0.0,1.0,0.0,0.0
0.0,1.0,0.0,0.0
0.0,1.0,0.0,0.0
0.115,0.656,0.23,0.34
0.277,0.547,0.175,-0.2023
0.0,1.0,0.0,0.0
0.0,0.808,0.192,0.6124
0.261,0.539,0.199,-0.128
0.0,1.0,0.0,0.0
0.0,1.0,0.0,0.0
0.0,0.737,0.263,0.3612
0.0,1.0,0.0,0.0
0.0,1.0,0.0,0.0
0.0,1.0,0.0,0.0
0.345,0.655,0.0,-0.7845
0.0,1.0,0.0,0.0
0.0,1.0,0.0,0.0
0.066,0.818,0.116,0.3818
0.0,1.0,0.0,0.0
0.0,0.575,0.425,0.8232
0.0,1.0,0.0,0.0
0.0,0.856,0.144,0.4973
0.423,0.577,0.0,-0.6808
0.0,0.524,0.476,0.5473
0.323,0.396,0.281,-0.0775
0.0,1.0,0.0,0.0
0.0,1.0,0.0,0.0
0.0,1.0,0.0,0.0
0.0,0.803,0.197,0.4019
0.109,0.577,0.314,0.4939
0.0,1.0,0.0,0.0
0.524,0.476,0.0,-0.5106
1.0,0.0,0.0,-0.4019
0.0,0.423,0.577,0.6249
0.0,1.0,0.0,0.0
0.437,0.563,0.0,-0.7351
0.0,1.0,0.0,0.0
0.0,1.0,0.0,0.0
0.0,1.0,0.0,0.0
0.106,0.699,0.195,0.4404
0.0,1.0,0.0,0.0
0.163,0.837,0.0,-0.5106
0.0,1.0,0.0,0.0
0.0,1.0,0.0,0.0
0.423,0.577,0.0,-0.296
0.0,1.0,0.0,0.0
0.333,0.667,0.0,-0.3612
0.0,0.756,0.244,0.4404
0.0,0.595,0.405,0.9565
0.0,1.0,0.0,0.0
0.0,1.0,0.0,0.0
0.18,0.82,0.0,-0.296
0.338,0.308,0.354,0.0258
0.248,0.752,0.0,-0.5106
0.623,0.377,0.0,-0.5106
0.0,0.769,0.231,0.7506
0.619,0.381,0.0,-0.7579
0.452,0.548,0.0,-0.5106
0.0,1.0,0.0,0.0
0.0,1.0,0.0,0.0
0.0,0.636,0.364,0.852
0.773,0.227,0.0,-0.7783
0.0,0.526,0.474,0.4019
0.292,0.708,0.0,-0.5106
0.095,0.511,0.394,0.6249
0.0,1.0,0.0,0.0
0.0,0.263,0.737,0.6808
0.0,1.0,0.0,0.0
0.565,0.435,0.0,-0.3818
0.0,1.0,0.0,0.0
0.0,1.0,0.0,0.0
0.0,0.731,0.269,0.63
0.323,0.417,0.26,-0.1531
0.42,0.58,0.0,-0.4404
0.0,1.0,0.0,0.0
0.344,0.656,0.0,-0.4939
0.0,1.0,0.0,0.0
0.0,1.0,0.0,0.0
0.0,1.0,0.0,0.0
0.0,1.0,0.0,0.0
0.0,1.0,0.0,0.0
0.0,1.0,0.0,0.0
0.0,1.0,0.0,0.0
0.074,0.597,0.33,0.8402
0.0,1.0,0.0,0.0
0.0,1.0,0.0,0.0
0.0,1.0,0.0,0.0
0.0,0.827,0.173,0.5867
0.28,0.381,0.339,0.1027
0.0,0.803,0.197,0.4019
0.0,0.762,0.238,0.5696
0.0,0.649,0.351,0.4019
0.112,0.888,0.0,-0.2263
0.0,0.408,0.592,0.4404
0.398,0.602,0.0,-0.5106
0.0,0.536,0.464,0.1531
0.351,0.649,0.0,-0.4019
0.0,0.526,0.474,0.5574
0.0,0.172,0.828,0.5859
0.0,1.0,0.0,0.0
0.0,0.698,0.302,0.0772
0.0,1.0,0.0,0.0
0.0,1.0,0.0,0.0
0.0,0.508,0.492,0.4404
0.239,0.761,0.0,-0.296
0.394,0.606,0.0,-0.3818
0.0,0.758,0.242,0.1531
0.0,0.27,0.73,0.4019
0.0,1.0,0.0,0.0
0.209,0.791,0.0,-0.5411
0.0,1.0,0.0,0.0
0.301,0.699,0.0,-0.6486
0.0,0.256,0.744,0.4404
0.524,0.476,0.0,-0.5106
0.203,0.797,0.0,-0.6249
0.0,1.0,0.0,0.0
0.239,0.761,0.0,-0.296
0.19,0.493,0.317,0.7301
0.0,0.635,0.365,0.3182
0.0,1.0,0.0,0.0
0.0,0.685,0.315,0.3182
0.0,1.0,0.0,0.0
0.307,0.542,0.151,-0.383
0.0,1.0,0.0,0.0
0.045,0.69,0.266,0.7506
0.0,0.707,0.293,0.4404
0.592,0.408,0.0,-0.4404
0.057,0.567,0.377,0.836
0.0,0.787,0.213,0.4019
0.464,0.536,0.0,-0.3818
0.0,0.833,0.167,0.4939
0.0,1.0,0.0,0.0
0.0,0.827,0.173,0.5574
0.0,1.0,0.0,0.0
0.0,0.58,0.42,0.4404
0.0,1.0,0.0,0.0
0.554,0.446,0.0,-0.7351
0.103,0.76,0.137,0.34
0.722,0.278,0.0,-0.3818
0.079,0.729,0.192,0.357
0.295,0.526,0.179,-0.0258
0.0,1.0,0.0,0.0
0.333,0.667,0.0,-0.3612
0.318,0.682,0.0,-0.1027
0.0,1.0,0.0,0.0
0.0,0.873,0.127,0.4927
0.0,1.0,0.0,0.0
0.0,1.0,0.0,0.0
0.0,1.0,0.0,0.0
0.0,1.0,0.0,0.0
0.0,1.0,0.0,0.0
0.0,1.0,0.0,0.0
0.0,1.0,0.0,0.0
0.351,0.649,0.0,-0.4019
0.0,1.0,0.0,0.0
0.0,1.0,0.0,0.0
0.0,1.0,0.0,0.0
0.512,0.488,0.0,-0.4939
0.375,0.625,0.0,-0.2023
0.474,0.526,0.0,-0.5574
0.383,0.617,0.0,-0.4767
0.0,0.566,0.434,0.3182
0.0,1.0,0.0,0.0
0.0,1.0,0.0,0.0
0.0,1.0,0.0,0.0
0.074,0.798,0.129,0.2023
0.699,0.301,0.0,-0.8519
0.437,0.563,0.0,-0.4767
0.473,0.527,0.0,-0.4005
0.0,1.0,0.0,0.0
0.109,0.891,0.0,-0.4019
0.126,0.874,0.0,-0.0772
0.0,1.0,0.0,0.0
0.0,1.0,0.0,0.0
0.0,0.503,0.497,0.7845
0.0,0.796,0.204,0.3182
0.05,0.538,0.412,0.8555
0.0,1.0,0.0,0.0
0.73,0.27,0.0,-0.4019
0.0,1.0,0.0,0.0
0.0,0.758,0.242,0.1531
0.0,1.0,0.0,0.0
0.0,0.303,0.697,0.3182
0.0,1.0,0.0,0.0
0.0,1.0,0.0,0.0
0.0,1.0,0.0,0.0
0.474,0.526,0.0,-0.4019
0.2,0.615,0.185,-0.0516
0.341,0.659,0.0,-0.4767
0.0,1.0,0.0,0.0
0.0,1.0,0.0,0.0
0.0,1.0,0.0,0.0
0.179,0.731,0.09,-0.4019
0.0,1.0,0.0,0.0
0.0,0.924,0.076,0.1027
0.268,0.732,0.0,-0.5106
0.569,0.431,0.0,-0.765
0.416,0.263,0.321,-0.2023
0.0,1.0,0.0,0.0
0.565,0.435,0.0,-0.3818
0.503,0.497,0.0,-0.7964
0.507,0.493,0.0,-0.6348
0.0,1.0,0.0,0.0
0.0,1.0,0.0,0.0
0.0,0.761,0.239,0.765
0.0,1.0,0.0,0.0
0.47,0.53,0.0,-0.6517
0.172,0.394,0.433,0.6486
0.0,1.0,0.0,0.0
0.3,0.33,0.37,0.2263
0.0,1.0,0.0,0.0
0.0,1.0,0.0,0.0
0.0,1.0,0.0,0.0
0.0,1.0,0.0,0.0
0.0,0.727,0.273,0.7579
0.0,0.556,0.444,0.4927
0.0,0.874,0.126,0.3182
0.123,0.877,0.0,-0.1027
0.0,1.0,0.0,0.0
0.574,0.426,0.0,-0.6597
0.0,1.0,0.0,0.0
0.0,1.0,0.0,0.0
0.0,1.0,0.0,0.0
0.126,0.69,0.184,0.25
0.0,1.0,0.0,0.0
0.212,0.788,0.0,-0.6256
0.0,1.0,0.0,0.0
0.324,0.676,0.0,-0.34
0.291,0.709,0.0,-0.4767
0.0,1.0,0.0,0.0
0.0,0.853,0.147,0.2263
0.0,0.732,0.268,0.5106
0.219,0.781,0.0,-0.1027
0.0,1.0,0.0,0.0
0.0,1.0,0.0,0.0
0.0,1.0,0.0,0.0
0.0,0.803,0.197,0.4019
0.066,0.934,0.0,-0.2808
0.185,0.815,0.0,-0.3612
0.346,0.563,0.091,-0.7096
0.398,0.602,0.0,-0.5106
0.0,1.0,0.0,0.0
0.0,1.0,0.0,0.0
0.46,0.54,0.0,-0.3724
0.0,0.323,0.677,0.2732
0.351,0.649,0.0,-0.4019
0.0,1.0,0.0,0.0
0.0,1.0,0.0,0.0
0.398,0.602,0.0,-0.5106
0.17,0.83,0.0,-0.3089
0.0,1.0,0.0,0.0
0.18,0.82,0.0,-0.5106
0.0,1.0,0.0,0.0
0.0,1.0,0.0,0.0
0.113,0.719,0.168,0.1531
0.351,0.649,0.0,-0.4019
0.412,0.588,0.0,-0.2732
0.208,0.792,0.0,-0.4939
0.113,0.887,0.0,-0.1027
0.0,0.633,0.367,0.4404
0.0,0.69,0.31,0.4019
0.596,0.404,0.0,-0.7096
0.0,1.0,0.0,0.0
0.67,0.33,0.0,-0.7269
0.25,0.75,0.0,-0.4585
0.0,1.0,0.0,0.0
0.0,1.0,0.0,0.0
0.243,0.368,0.39,0.25
0.0,1.0,0.0,0.0
0.0,0.833,0.167,0.4215
0.0,1.0,0.0,0.0
0.492,0.508,0.0,-0.4404
0.0,0.854,0.146,0.5046
0.0,0.417,0.583,0.6808
0.42,0.58,0.0,-0.4404
0.0,1.0,0.0,0.0
0.0,1.0,0.0,0.0
0.0,0.787,0.213,0.4019
0.0,1.0,0.0,0.0
0.231,0.769,0.0,-0.4019
0.0,1.0,0.0,0.0
0.0,0.615,0.385,0.3612
0.0,0.805,0.195,0.4404
0.0,1.0,0.0,0.0
0.0,1.0,0.0,0.0
0.583,0.417,0.0,-0.4215
0.0,1.0,0.0,0.0
0.0,1.0,0.0,0.0
0.0,1.0,0.0,0.0
0.12,0.729,0.151,0.1531
0.348,0.652,0.0,-0.1531
0.405,0.595,0.0,-0.5267
0.0,1.0,0.0,0.0
0.538,0.462,0.0,-0.5423
0.0,1.0,0.0,0.0
0.0,1.0,0.0,0.0
0.318,0.682,0.0,-0.1027
0.25,0.75,0.0,-0.25
0.0,1.0,0.0,0.0
0.73,0.27,0.0,-0.4019
0.0,1.0,0.0,0.0
0.342,0.658,0.0,-0.3818
0.385,0.615,0.0,-0.3612
0.0,1.0,0.0,0.0
0.0,1.0,0.0,0.0
0.255,0.745,0.0,-0.874
0.211,0.431,0.358,0.5267
0.0,1.0,0.0,0.0
0.0,0.818,0.182,0.4404
0.0,0.727,0.273,0.7579
0.0,0.597,0.403,0.4019
0.0,0.545,0.455,0.3612
0.623,0.377,0.0,-0.5106
0.0,1.0,0.0,0.0
0.0,0.426,0.574,0.4019
0.0,1.0,0.0,0.0
0.0,1.0,0.0,0.0
0.472,0.528,0.0,-0.7404
0.0,1.0,0.0,0.0
0.0,1.0,0.0,0.0
0.0,1.0,0.0,0.0
0.0,1.0,0.0,0.0
0.0,1.0,0.0,0.0
0.0,1.0,0.0,0.0
0.0,1.0,0.0,0.0
0.0,1.0,0.0,0.0
0.255,0.472,0.274,0.0516
0.0,1.0,0.0,0.0
0.208,0.792,0.0,-0.3875
0.0,1.0,0.0,0.0
0.0,1.0,0.0,0.0
0.0,1.0,0.0,0.0
0.0,1.0,0.0,0.0
0.31,0.69,0.0,-0.4019
0.123,0.52,0.357,0.743
0.0,1.0,0.0,0.0
0.0,1.0,0.0,0.0
0.0,0.787,0.213,0.4019
0.265,0.53,0.205,-0.2023
0.778,0.222,0.0,-0.5423
0.124,0.674,0.202,0.1017
0.0,0.859,0.141,0.4215
0.167,0.833,0.0,-0.5267
0.0,1.0,0.0,0.0
0.0,1.0,0.0,0.0
0.0,1.0,0.0,0.0
0.162,0.838,0.0,-0.4019
0.524,0.476,0.0,-0.5106
0.0,0.55,0.45,0.5994
0.163,0.523,0.314,0.5574
0.0,1.0,0.0,0.0
0.0,1.0,0.0,0.0
0.0,0.58,0.42,0.4404
0.0,0.91,0.09,0.2235
0.0,1.0,0.0,0.0
0.245,0.755,0.0,-0.0772
0.324,0.676,0.0,-0.34
0.0,0.846,0.154,0.4588
0.0,1.0,0.0,0.0
0.688,0.312,0.0,-0.296
0.0,0.732,0.268,0.6697
0.0,1.0,0.0,0.0
0.0,0.732,0.268,0.6697
0.0,0.732,0.268,0.6697
0.0,0.732,0.268,0.6697
0.0,0.615,0.385,0.3612
0.258,0.742,0.0,-0.1877
0.0,1.0,0.0,0.0
0.0,1.0,0.0,0.0
0.051,0.949,0.0,-0.1027
0.574,0.426,0.0,-0.4019
0.0,0.682,0.318,0.8689
0.262,0.738,0.0,-0.4939
0.0,1.0,0.0,0.0
0.0,1.0,0.0,0.0
0.0,0.809,0.191,0.5106
0.0,0.277,0.723,0.7804
0.0,1.0,0.0,0.0
0.0,1.0,0.0,0.0
0.417,0.583,0.0,-0.6486
0.0,1.0,0.0,0.0
0.0,0.633,0.367,0.4404
0.0,0.87,0.13,0.34
0.0,1.0,0.0,0.0
0.0,0.75,0.25,0.6124
0.0,1.0,0.0,0.0
0.474,0.526,0.0,-0.4019
0.153,0.847,0.0,-0.4019
0.0,1.0,0.0,0.0
0.0,0.85,0.15,0.5719
0.0,1.0,0.0,0.0
0.0,1.0,0.0,0.0
0.0,1.0,0.0,0.0
0.0,1.0,0.0,0.0
0.155,0.845,0.0,-0.3595
0.078,0.815,0.107,0.2023
0.232,0.768,0.0,-0.2755
1.0,0.0,0.0,-0.4019
0.0,1.0,0.0,0.0
0.0,1.0,0.0,0.0
0.0,0.442,0.558,0.6197
0.355,0.645,0.0,-0.5106
0.0,1.0,0.0,0.0
0.147,0.684,0.168,0.34
0.197,0.803,0.0,-0.2411
0.0,0.561,0.439,0.5719
0.0,0.625,0.375,0.34
0.299,0.46,0.241,-0.128
0.293,0.707,0.0,-0.4404
0.0,0.519,0.481,0.7579
0.167,0.833,0.0,-0.3412
0.0,1.0,0.0,0.0
0.0,0.838,0.162,0.4019
0.069,0.931,0.0,-0.1027
0.213,0.646,0.141,-0.2769
0.0,1.0,0.0,0.0
0.0,1.0,0.0,0.0
0.266,0.734,0.0,-0.4404
0.216,0.784,0.0,-0.296
0.174,0.826,0.0,-0.2755
0.286,0.714,0.0,-0.5574
0.0,1.0,0.0,0.0
0.133,0.748,0.119,-0.0857
0.0,1.0,0.0,0.0
0.0,1.0,0.0,0.0
0.0,1.0,0.0,0.0
0.0,0.829,0.171,0.5719
0.0,0.581,0.419,0.5574
0.0,0.801,0.199,0.7366
0.0,0.647,0.353,0.7184
0.0,1.0,0.0,0.0
0.375,0.625,0.0,-0.34
0.0,1.0,0.0,0.0
0.265,0.53,0.205,-0.2023
0.0,1.0,0.0,0.0
0.541,0.459,0.0,-0.7088
0.0,1.0,0.0,0.0
0.19,0.458,0.351,0.8176
0.0,1.0,0.0,0.0
0.0,1.0,0.0,0.0
0.142,0.645,0.213,0.0258
0.524,0.476,0.0,-0.296
0.318,0.682,0.0,-0.1027
0.0,1.0,0.0,0.0
0.0,1.0,0.0,0.0
0.26,0.481,0.26,0.0
0.623,0.377,0.0,-0.5106
0.444,0.556,0.0,-0.34
0.0,1.0,0.0,0.0
0.0,0.681,0.319,0.8336
0.185,0.815,0.0,-0.3612
0.0,0.732,0.268,0.6697
0.311,0.689,0.0,-0.3093
0.225,0.775,0.0,-0.4404
0.0,1.0,0.0,0.0
0.0,1.0,0.0,0.0
0.0,0.468,0.532,0.8442
0.0,1.0,0.0,0.0
0.0,0.468,0.532,0.8442
0.0,0.468,0.532,0.8442
0.0,1.0,0.0,0.0
0.0,0.566,0.434,0.3182
0.0,1.0,0.0,0.0
0.0,0.468,0.532,0.8442
0.0,0.706,0.294,0.3612
0.0,0.468,0.532,0.8442
0.0,1.0,0.0,0.0
0.105,0.418,0.477,0.836
0.0,1.0,0.0,0.0
0.45,0.167,0.383,-0.1027
0.0,1.0,0.0,0.0
0.474,0.526,0.0,-0.4019
0.508,0.492,0.0,-0.7351
0.0,1.0,0.0,0.0
0.0,1.0,0.0,0.0
0.474,0.526,0.0,-0.4019
0.767,0.233,0.0,-0.5106
0.0,1.0,0.0,0.0
0.125,0.875,0.0,-0.4023
0.101,0.899,0.0,-0.2023
0.239,0.761,0.0,-0.296
0.0,0.828,0.172,0.4404
0.189,0.811,0.0,-0.1027
0.091,0.909,0.0,-0.296
0.046,0.789,0.164,0.5574
0.046,0.789,0.164,0.5574
0.0,0.536,0.464,0.5367
0.25,0.455,0.295,-0.1037
0.0,1.0,0.0,0.0
0.0,1.0,0.0,0.0
0.216,0.784,0.0,-0.5267
0.574,0.426,0.0,-0.4019
0.0,1.0,0.0,0.0
0.0,0.585,0.415,0.4278
0.386,0.614,0.0,-0.6597
0.4,0.6,0.0,-0.25
0.0,1.0,0.0,0.0
0.367,0.633,0.0,-0.4404
0.556,0.373,0.071,-0.936
0.0,1.0,0.0,0.0
0.266,0.734,0.0,-0.5848
0.0,0.802,0.198,0.4939
0.0,1.0,0.0,0.0
0.0,0.526,0.474,0.4019
0.176,0.781,0.043,-0.5267
0.0,0.495,0.505,0.6249
0.0,1.0,0.0,0.0
0.0,1.0,0.0,0.0
0.196,0.804,0.0,-0.296
0.0,0.728,0.272,0.6808
0.0,1.0,0.0,0.0
0.242,0.758,0.0,-0.1531
0.0,0.588,0.412,0.4215
0.106,0.822,0.073,-0.0114
0.0,1.0,0.0,0.0
0.0,0.566,0.434,0.3182
0.202,0.52,0.277,0.0772
0.0,1.0,0.0,0.0
0.0,0.75,0.25,0.8402
0.0,0.779,0.221,0.7029
0.385,0.615,0.0,-0.3612
0.538,0.462,0.0,-0.5423
0.351,0.649,0.0,-0.6597
0.0,1.0,0.0,0.0
0.357,0.51,0.133,-0.4939
0.213,0.45,0.337,0.5372
0.0,1.0,0.0,0.0
0.0,1.0,0.0,0.0
0.474,0.526,0.0,-0.4019
0.232,0.563,0.204,-0.1027
0.368,0.387,0.245,-0.2263
0.0,1.0,0.0,0.0
0.0,1.0,0.0,0.0
0.0,0.577,0.423,0.765
0.239,0.761,0.0,-0.5719
0.0,1.0,0.0,0.0
0.0,0.752,0.248,0.5574
0.175,0.825,0.0,-0.5267
0.455,0.545,0.0,-0.3612
0.175,0.825,0.0,-0.5267
0.348,0.652,0.0,-0.4939
0.0,1.0,0.0,0.0
0.0,1.0,0.0,0.0
0.254,0.558,0.188,-0.5242
0.0,0.876,0.124,0.5046
0.0,1.0,0.0,0.0
0.0,0.164,0.836,0.4767
0.189,0.811,0.0,-0.1027
0.38,0.413,0.207,-0.2732
0.0,1.0,0.0,0.0
0.0,0.828,0.172,0.4019
0.0,1.0,0.0,0.0
0.0,1.0,0.0,0.0
0.144,0.616,0.24,0.34
0.412,0.588,0.0,-0.1027
0.355,0.645,0.0,-0.296
0.0,1.0,0.0,0.0
0.333,0.667,0.0,-0.25
0.623,0.377,0.0,-0.5106
0.0,1.0,0.0,0.0
0.0,1.0,0.0,0.0
0.0,1.0,0.0,0.0
0.217,0.783,0.0,-0.3597
0.0,0.615,0.385,0.3612
0.535,0.465,0.0,-0.3182
0.0,1.0,0.0,0.0
0.0,1.0,0.0,0.0
0.0,1.0,0.0,0.0
0.868,0.132,0.0,-0.765
0.0,1.0,0.0,0.0
0.0,0.556,0.444,0.4939
0.0,1.0,0.0,0.0
0.0,0.789,0.211,0.4939
0.5,0.5,0.0,-0.4588
0.104,0.588,0.308,0.6705
0.0,0.548,0.452,0.5106
0.296,0.539,0.165,-0.6597
0.0,0.834,0.166,0.1511
0.144,0.577,0.279,0.34
0.206,0.688,0.106,-0.296
0.0,1.0,0.0,0.0
0.0,1.0,0.0,0.0
0.0,1.0,0.0,0.0
0.0,1.0,0.0,0.0
0.0,0.417,0.583,0.6808
0.0,1.0,0.0,0.0
0.0,1.0,0.0,0.0
0.497,0.364,0.139,-0.7096
0.0,1.0,0.0,0.0
0.44,0.4,0.16,-0.5859
0.259,0.741,0.0,-0.1027
0.0,1.0,0.0,0.0
1.0,0.0,0.0,-0.5106
0.0,0.536,0.464,0.3818
0.0,1.0,0.0,0.0
0.0,1.0,0.0,0.0
0.0,0.649,0.351,0.4019
0.0,1.0,0.0,0.0
0.0,0.782,0.218,0.6486
0.0,0.635,0.365,0.3182
0.0,0.893,0.107,0.34
1.0,0.0,0.0,-0.5719
0.0,0.775,0.225,0.4939
0.0,1.0,0.0,0.0
0.31,0.69,0.0,-0.4019
0.259,0.741,0.0,-0.6002
0.0,0.6,0.4,0.7184
0.0,0.852,0.148,0.6369
0.0,1.0,0.0,0.0
0.292,0.708,0.0,-0.5106
0.397,0.603,0.0,-0.6808
0.097,0.903,0.0,-0.4019
0.0,1.0,0.0,0.0
0.0,1.0,0.0,0.0
0.0,1.0,0.0,0.0
0.0,0.621,0.379,0.7269
0.592,0.408,0.0,-0.4404
0.452,0.548,0.0,-0.5106
0.0,0.476,0.524,0.6707
0.0,1.0,0.0,0.0
0.31,0.69,0.0,-0.4019
0.258,0.635,0.107,-0.5475
0.24,0.625,0.135,-0.4603
0.0,0.8,0.2,0.3612
0.474,0.526,0.0,-0.4019
0.0,1.0,0.0,0.0
0.0,0.789,0.211,0.34
0.328,0.672,0.0,-0.5994
0.239,0.217,0.543,0.4215
0.0,1.0,0.0,0.0
0.0,1.0,0.0,0.0
0.0,1.0,0.0,0.0
0.0,1.0,0.0,0.0
0.353,0.647,0.0,-0.7184
0.366,0.634,0.0,-0.6369
0.0,1.0,0.0,0.0
0.0,1.0,0.0,0.0
0.0,1.0,0.0,0.0
0.0,0.837,0.163,0.5719
0.0,0.345,0.655,0.9231
0.0,0.545,0.455,0.3612
0.0,1.0,0.0,0.0
0.0,1.0,0.0,0.0
0.0,1.0,0.0,0.0
0.0,1.0,0.0,0.0
0.0,0.597,0.403,0.4019
0.355,0.645,0.0,-0.5106
0.0,0.739,0.261,0.6486
0.167,0.833,0.0,-0.1531
0.0,1.0,0.0,0.0
0.37,0.63,0.0,-0.5719
0.0,1.0,0.0,0.0
0.0,1.0,0.0,0.0
0.564,0.436,0.0,-0.596
0.0,1.0,0.0,0.0
0.491,0.509,0.0,-0.4391
0.0,1.0,0.0,0.0
0.5,0.5,0.0,-0.4588
0.0,1.0,0.0,0.0
0.722,0.278,0.0,-0.3818
0.0,0.889,0.111,0.25
0.15,0.85,0.0,-0.368
0.524,0.476,0.0,-0.5106
0.524,0.476,0.0,-0.5106
0.0,1.0,0.0,0.0
0.0,0.851,0.149,0.4215
0.0,0.635,0.365,0.3182
0.082,0.716,0.202,0.5963
0.0,1.0,0.0,0.0
0.172,0.433,0.395,0.6872
0.423,0.577,0.0,-0.296
0.0,0.377,0.623,0.5106
0.078,0.922,0.0,-0.0258
0.0,1.0,0.0,0.0
0.0,0.426,0.574,0.4019
0.0,0.526,0.474,0.5574
0.0,1.0,0.0,0.0
0.0,0.894,0.106,0.1531
0.474,0.526,0.0,-0.4019
0.0,0.714,0.286,0.4215
0.0,1.0,0.0,0.0
0.0,0.885,0.115,0.0762
0.0,0.408,0.592,0.7003
0.73,0.27,0.0,-0.4019
0.336,0.664,0.0,-0.4648
0.457,0.543,0.0,-0.7096
0.258,0.742,0.0,-0.1877
0.284,0.421,0.295,0.0258
0.0,1.0,0.0,0.0
0.0,0.602,0.398,0.5106
0.0,0.51,0.49,0.5859
0.0,1.0,0.0,0.0
0.0,0.733,0.267,0.3724
0.0,0.86,0.14,0.4767
0.242,0.503,0.255,0.0191
0.369,0.561,0.07,-0.8807
0.124,0.876,0.0,-0.4019
0.0,1.0,0.0,0.0
0.565,0.435,0.0,-0.3818
0.248,0.578,0.174,-0.224
0.0,1.0,0.0,0.0
0.0,1.0,0.0,0.0
0.0,1.0,0.0,0.0
0.0,0.597,0.403,0.4019
0.106,0.894,0.0,-0.0772
0.0,0.905,0.095,0.2263
0.0,0.713,0.287,0.6166
0.0,0.465,0.535,0.3182
0.0,0.712,0.288,0.4995
0.0,1.0,0.0,0.0
0.097,0.649,0.254,0.6486
0.315,0.685,0.0,-0.7845
0.256,0.657,0.087,-0.5994
0.259,0.741,0.0,-0.1027
0.0,1.0,0.0,0.0
0.0,1.0,0.0,0.0
0.0,1.0,0.0,0.0
0.0,1.0,0.0,0.0
0.0,1.0,0.0,0.0
0.0,0.633,0.367,0.4404
0.0,1.0,0.0,0.0
0.0,0.769,0.231,0.2023
0.259,0.741,0.0,-0.1027
0.0,1.0,0.0,0.0
0.0,1.0,0.0,0.0
0.464,0.536,0.0,-0.3818
0.0,1.0,0.0,0.0
0.0,1.0,0.0,0.0
0.0,0.619,0.381,0.7804
0.119,0.757,0.124,0.0258
0.198,0.18,0.622,0.6908
0.318,0.682,0.0,-0.1027
0.0,0.725,0.275,0.2263
0.0,1.0,0.0,0.0
0.417,0.583,0.0,-0.8625
0.222,0.556,0.222,0.25
0.174,0.604,0.221,0.1779
0.0,1.0,0.0,0.0
0.113,0.606,0.28,0.6293
0.0,1.0,0.0,0.0
0.0,1.0,0.0,0.0
0.429,0.435,0.136,-0.6597
0.0,1.0,0.0,0.0
0.292,0.708,0.0,-0.5106
0.0,1.0,0.0,0.0
0.0,1.0,0.0,0.0
0.0,1.0,0.0,0.0
0.095,0.704,0.201,0.4588
0.0,0.444,0.556,0.3612
0.605,0.395,0.0,-0.5574
0.0,1.0,0.0,0.0
0.0,1.0,0.0,0.0
0.0,0.455,0.545,0.5574
0.0,1.0,0.0,0.0
0.0,1.0,0.0,0.0
0.35,0.65,0.0,-0.6486
0.0,1.0,0.0,0.0
0.0,1.0,0.0,0.0
0.0,1.0,0.0,0.0
0.141,0.799,0.06,-0.4675
0.0,0.545,0.455,0.3612
0.0,1.0,0.0,0.0
0.133,0.667,0.2,0.2263
0.136,0.864,0.0,-0.5106
0.0,1.0,0.0,0.0
0.1,0.602,0.297,0.5994
0.213,0.787,0.0,-0.4019
0.0,1.0,0.0,0.0
0.0,0.833,0.167,0.2023
0.0,0.769,0.231,0.2732
0.0,1.0,0.0,0.0
0.423,0.577,0.0,-0.765
0.767,0.233,0.0,-0.765
0.068,0.523,0.408,0.867
0.0,1.0,0.0,0.0
0.0,1.0,0.0,0.0
0.324,0.676,0.0,-0.34
0.556,0.444,0.0,-0.3612
0.067,0.933,0.0,-0.3818
0.0,1.0,0.0,0.0
0.0,0.678,0.322,0.2263
0.0,1.0,0.0,0.0
0.231,0.769,0.0,-0.4019
0.0,0.714,0.286,0.5574
0.0,1.0,0.0,0.0
0.32,0.68,0.0,-0.5106
0.474,0.526,0.0,-0.4019
0.286,0.714,0.0,-0.4215
0.0,1.0,0.0,0.0
0.146,0.854,0.0,-0.0516
0.171,0.597,0.233,0.3167
0.545,0.455,0.0,-0.5574
0.0,1.0,0.0,0.0
0.14,0.86,0.0,-0.4767
0.205,0.556,0.24,0.1027
0.443,0.557,0.0,-0.1513
0.0,0.696,0.304,0.8625
0.0,0.753,0.247,0.5574
0.102,0.551,0.347,0.8924
0.243,0.688,0.069,-0.7978
0.0,0.408,0.592,0.4404
0.0,1.0,0.0,0.0
0.0,0.936,0.064,0.0258
0.0,1.0,0.0,0.0
0.0,0.765,0.235,0.4588
0.067,0.933,0.0,-0.0572
0.164,0.614,0.223,0.1943
0.0,1.0,0.0,0.0
0.08,0.575,0.345,0.6808
0.0,0.635,0.365,0.3182
0.0,0.653,0.347,0.7096
0.167,0.667,0.167,0.0
0.0,1.0,0.0,0.0
0.0,1.0,0.0,0.0
0.0,0.872,0.128,0.2263
0.281,0.719,0.0,-0.6486
0.0,1.0,0.0,0.0
0.0,1.0,0.0,0.0
0.243,0.631,0.126,-0.3818
0.157,0.843,0.0,-0.3818
0.0,1.0,0.0,0.0
0.0,0.513,0.487,0.2263
0.32,0.68,0.0,-0.5106
0.0,1.0,0.0,0.0
0.0,0.594,0.406,0.802
0.0,1.0,0.0,0.0
0.565,0.435,0.0,-0.3818
0.0,0.597,0.403,0.4019
0.34,0.59,0.07,-0.8628
0.0,1.0,0.0,0.0
0.0,1.0,0.0,0.0
0.301,0.35,0.35,-0.0772
0.206,0.725,0.069,-0.5574
0.623,0.377,0.0,-0.5106
0.322,0.592,0.086,-0.5574
0.0,0.805,0.195,0.1779
0.068,0.932,0.0,-0.2732
0.148,0.7,0.152,0.2732
0.474,0.526,0.0,-0.2023
0.0,1.0,0.0,0.0
0.268,0.732,0.0,-0.5106
0.28,0.72,0.0,-0.4389
0.0,1.0,0.0,0.0
0.0,1.0,0.0,0.0
0.0,1.0,0.0,0.0
0.301,0.699,0.0,-0.802
0.0,0.864,0.136,0.296
0.0,1.0,0.0,0.0
0.0,1.0,0.0,0.0
0.737,0.263,0.0,-0.6808
0.467,0.533,0.0,-0.5423
0.0,1.0,0.0,0.0
0.181,0.717,0.102,-0.0258
0.778,0.222,0.0,-0.5423
0.0,1.0,0.0,0.0
0.187,0.554,0.259,0.2648
0.0,1.0,0.0,0.0
0.0,0.674,0.326,0.7717
0.0,1.0,0.0,0.0
0.342,0.563,0.095,-0.7728
0.0,1.0,0.0,0.0
0.355,0.645,0.0,-0.5106
0.215,0.462,0.323,0.1779
0.0,1.0,0.0,0.0
0.185,0.724,0.091,-0.2472
0.0,1.0,0.0,0.0
0.0,0.584,0.416,0.7506
0.0,0.756,0.244,0.4404
0.156,0.844,0.0,-0.2584
0.0,1.0,0.0,0.0
0.0,1.0,0.0,0.0
0.0,1.0,0.0,0.0
0.0,1.0,0.0,0.0
0.26,0.74,0.0,-0.5511
0.213,0.645,0.142,-0.2732
0.159,0.58,0.261,0.1027
0.0,0.0,1.0,0.3612
0.0,0.426,0.574,0.4019
0.148,0.655,0.197,0.204
0.0,1.0,0.0,0.0
0.464,0.536,0.0,-0.3818
0.38,0.423,0.197,-0.3818
0.279,0.543,0.178,-0.0772
0.278,0.722,0.0,-0.875
0.201,0.597,0.201,0.0
0.324,0.676,0.0,-0.34
0.0,1.0,0.0,0.0
0.0,1.0,0.0,0.0
0.0,1.0,0.0,0.0
0.0,0.247,0.753,0.7269
0.0,1.0,0.0,0.0
0.0,1.0,0.0,0.0
0.531,0.469,0.0,-0.5267
0.455,0.545,0.0,-0.3612
0.07,0.749,0.182,0.4767
0.0,0.838,0.162,0.6597
0.286,0.714,0.0,-0.3412
0.527,0.473,0.0,-0.836
0.113,0.609,0.278,0.4404
0.0,0.843,0.157,0.4215
0.466,0.402,0.132,-0.7003
0.0,1.0,0.0,0.0
0.0,0.68,0.32,0.5106
0.0,1.0,0.0,0.0
0.0,0.408,0.592,0.4404
0.147,0.733,0.12,-0.1027
0.0,1.0,0.0,0.0
0.0,0.58,0.42,0.4404
0.0,0.706,0.294,0.3612
0.216,0.32,0.464,0.4767
0.268,0.732,0.0,-0.296
0.0,1.0,0.0,0.0
0.0,1.0,0.0,0.0
0.273,0.505,0.222,-0.128
0.0,0.69,0.31,0.2023
0.297,0.703,0.0,-0.2755
0.615,0.385,0.0,-0.5859
0.0,1.0,0.0,0.0
0.0,1.0,0.0,0.0
0.0,1.0,0.0,0.0
0.0,1.0,0.0,0.0
0.0,1.0,0.0,0.0
0.0,1.0,0.0,0.0
0.098,0.902,0.0,-0.0772
0.0,1.0,0.0,0.0
0.327,0.523,0.15,-0.4019
0.193,0.807,0.0,-0.3875
0.0,0.856,0.144,0.6369
0.18,0.82,0.0,-0.5574
0.355,0.645,0.0,-0.6597
0.176,0.642,0.182,-0.2263
0.0,1.0,0.0,0.0
0.0,1.0,0.0,0.0
0.275,0.375,0.35,0.1531
0.0,1.0,0.0,0.0
0.0,0.83,0.17,0.3089
0.0,0.787,0.213,0.4019
0.0,0.633,0.367,0.4404
0.0,1.0,0.0,0.0
0.189,0.811,0.0,-0.2732
0.0,1.0,0.0,0.0
0.574,0.426,0.0,-0.4019
0.0,1.0,0.0,0.0
0.0,1.0,0.0,0.0
0.388,0.612,0.0,-0.4215
0.0,1.0,0.0,0.0
0.0,1.0,0.0,0.0
0.113,0.606,0.28,0.6293
0.302,0.698,0.0,-0.3818
0.0,0.58,0.42,0.4404
0.0,1.0,0.0,0.0
0.31,0.69,0.0,-0.4019
0.231,0.769,0.0,-0.4019
0.0,1.0,0.0,0.0
0.0,1.0,0.0,0.0
0.0,0.775,0.225,0.4939
0.565,0.435,0.0,-0.3818
0.257,0.476,0.267,0.0258
0.0,1.0,0.0,0.0
0.252,0.748,0.0,-0.4019
0.31,0.69,0.0,-0.4019
0.0,1.0,0.0,0.0
0.434,0.4,0.166,-0.5719
0.0,0.86,0.14,0.0772
0.474,0.526,0.0,-0.4019
0.0,0.85,0.15,0.5719
0.0,1.0,0.0,0.0
0.0,0.856,0.144,0.4019
0.0,0.802,0.198,0.6369
0.146,0.432,0.422,0.6249
0.0,1.0,0.0,0.0
0.0,0.819,0.181,0.4939
0.0,1.0,0.0,0.0
0.474,0.526,0.0,-0.4019
0.0,0.484,0.516,0.4939
0.0,1.0,0.0,0.0
0.0,0.738,0.262,0.4939
0.0,1.0,0.0,0.0
0.274,0.726,0.0,-0.5994
0.211,0.789,0.0,-0.6808
0.0,0.828,0.172,0.3612
0.0,1.0,0.0,0.0
0.0,1.0,0.0,0.0
0.545,0.455,0.0,-0.5574
0.24,0.554,0.207,-0.1832
0.431,0.569,0.0,-0.6486
0.0,1.0,0.0,0.0
0.216,0.784,0.0,-0.296
0.0,1.0,0.0,0.0
0.0,1.0,0.0,0.0
0.0,0.734,0.266,0.4404
0.623,0.377,0.0,-0.5106
0.095,0.814,0.092,0.2263
0.129,0.659,0.212,0.25
0.0,0.868,0.132,0.4404
0.162,0.634,0.204,0.1531
0.626,0.374,0.0,-0.7717
0.0,1.0,0.0,0.0
0.0,1.0,0.0,0.0
0.08,0.92,0.0,-0.4215
0.0,1.0,0.0,0.0
0.0,1.0,0.0,0.0
0.0,1.0,0.0,0.0
0.418,0.253,0.329,-0.1779
0.342,0.658,0.0,-0.3818
0.0,1.0,0.0,0.0
0.0,1.0,0.0,0.0
0.116,0.421,0.463,0.926
0.263,0.737,0.0,-0.3612
0.412,0.588,0.0,-0.2732
0.0,0.748,0.252,0.4019
0.0,1.0,0.0,0.0
0.0,0.861,0.139,0.2732
0.28,0.617,0.103,-0.5106
0.412,0.588,0.0,-0.2023
0.0,1.0,0.0,0.0
0.0,0.758,0.242,0.7506
0.0,0.903,0.097,0.4201
0.0,0.637,0.363,0.8658
0.0,0.884,0.116,0.3612
0.0,0.625,0.375,0.9118
0.0,0.526,0.474,0.4019
0.0,1.0,0.0,0.0
0.0,1.0,0.0,0.0
0.0,0.769,0.231,0.3412
0.0,1.0,0.0,0.0
0.0,0.732,0.268,0.6697
0.0,1.0,0.0,0.0
0.326,0.53,0.144,-0.7003
0.316,0.421,0.263,-0.25
0.165,0.647,0.188,0.34
0.292,0.708,0.0,-0.5106
0.778,0.222,0.0,-0.5423
0.224,0.4,0.376,0.4404
0.167,0.833,0.0,-0.1027
0.403,0.597,0.0,-0.4019
0.108,0.769,0.123,0.34
0.0,1.0,0.0,0.0
0.098,0.714,0.188,0.4588
0.0,0.685,0.315,0.3182
0.615,0.385,0.0,-0.8225
0.0,0.679,0.321,0.8957
0.0,1.0,0.0,0.0
0.163,0.74,0.098,-0.296
0.0,0.823,0.177,0.4215
0.524,0.476,0.0,-0.296
0.0,0.863,0.137,0.4019
0.187,0.813,0.0,-0.5574
0.464,0.536,0.0,-0.3818
0.0,1.0,0.0,0.0
0.0,0.571,0.429,0.4588
0.0,1.0,0.0,0.0
0.0,1.0,0.0,0.0
0.163,0.837,0.0,-0.5106
0.0,0.797,0.203,0.4215
0.163,0.74,0.098,-0.296
0.163,0.74,0.098,-0.296
0.074,0.744,0.182,0.5574
0.0,0.597,0.403,0.4019
0.18,0.82,0.0,-0.5106
0.135,0.659,0.207,0.34
0.0,1.0,0.0,0.0
0.0,0.722,0.278,0.6124
0.0,1.0,0.0,0.0
0.0,1.0,0.0,0.0
0.744,0.256,0.0,-0.4404
0.0,1.0,0.0,0.0
0.0,1.0,0.0,0.0
0.0,0.68,0.32,0.5106
0.0,1.0,0.0,0.0
0.0,1.0,0.0,0.0
0.0,1.0,0.0,0.0
0.0,1.0,0.0,0.0
0.0,0.735,0.265,0.1139
0.0,1.0,0.0,0.0
0.762,0.238,0.0,-0.4939
0.0,1.0,0.0,0.0
0.0,1.0,0.0,0.0
0.37,0.63,0.0,-0.5719
0.0,1.0,0.0,0.0
0.0,1.0,0.0,0.0
0.0,1.0,0.0,0.0
0.29,0.71,0.0,-0.6486
0.0,1.0,0.0,0.0
0.115,0.799,0.086,-0.2263
0.0,1.0,0.0,0.0
0.159,0.706,0.135,-0.1027
0.0,0.643,0.357,0.6124
0.0,1.0,0.0,0.0
0.183,0.817,0.0,-0.4005
0.43,0.3,0.27,-0.3818
0.0,1.0,0.0,0.0
0.0,0.625,0.375,0.7783
0.159,0.568,0.273,0.25
0.0,1.0,0.0,0.0
0.0,0.674,0.326,0.4404
0.13,0.782,0.088,-0.0772
0.0,1.0,0.0,0.0
0.403,0.597,0.0,-0.4019
0.17,0.67,0.16,-0.0516
0.0,0.786,0.214,0.5859
0.0,0.822,0.178,0.0772
0.0,1.0,0.0,0.0
0.0,0.526,0.474,0.4023
0.452,0.548,0.0,-0.5106
0.0,0.69,0.31,0.4019
0.165,0.583,0.252,0.2263
0.209,0.791,0.0,-0.2755
0.0,0.859,0.141,0.4191
0.0,1.0,0.0,0.0
0.0,0.303,0.697,0.3182
0.0,1.0,0.0,0.0
0.0,1.0,0.0,0.0
0.265,0.735,0.0,-0.1139
0.0,1.0,0.0,0.0
0.0,1.0,0.0,0.0
0.0,1.0,0.0,0.0
0.535,0.465,0.0,-0.3182
0.0,1.0,0.0,0.0
0.342,0.658,0.0,-0.3818
0.0,1.0,0.0,0.0
0.0,1.0,0.0,0.0
0.0,1.0,0.0,0.0
0.0,1.0,0.0,0.0
0.403,0.597,0.0,-0.4019
0.168,0.403,0.43,0.5994
0.0,0.513,0.487,0.5859
0.0,1.0,0.0,0.0
0.0,1.0,0.0,0.0
0.0,0.806,0.194,0.6249
0.583,0.417,0.0,-0.1027
0.623,0.377,0.0,-0.5106
0.0,1.0,0.0,0.0
0.0,1.0,0.0,0.0
0.318,0.682,0.0,-0.1027
0.372,0.628,0.0,-0.836
0.0,1.0,0.0,0.0
0.0,1.0,0.0,0.0
0.714,0.286,0.0,-0.3612
0.0,1.0,0.0,0.0
0.0,0.633,0.367,0.1877
0.0,1.0,0.0,0.0
0.0,1.0,0.0,0.0
0.299,0.701,0.0,-0.2815
0.0,1.0,0.0,0.0
0.0,1.0,0.0,0.0
0.0,0.444,0.556,0.8176
0.0,1.0,0.0,0.0
0.398,0.602,0.0,-0.5106
0.258,0.742,0.0,-0.5994
0.387,0.613,0.0,-0.8442
0.209,0.791,0.0,-0.4404
0.097,0.56,0.343,0.6808
0.323,0.301,0.376,-0.0772
0.0,1.0,0.0,0.0
0.101,0.899,0.0,-0.4019
0.205,0.795,0.0,-0.2023
0.0,1.0,0.0,0.0
0.0,0.692,0.308,0.3959
0.0,1.0,0.0,0.0
0.0,1.0,0.0,0.0
0.0,1.0,0.0,0.0
0.258,0.742,0.0,-0.5994
0.0,1.0,0.0,0.0
0.0,0.563,0.437,0.4767
0.0,1.0,0.0,0.0
0.565,0.435,0.0,-0.3818
0.115,0.802,0.083,-0.0516
0.238,0.762,0.0,-0.3612
0.094,0.576,0.33,0.778
0.0,0.685,0.315,0.3182
0.121,0.68,0.199,0.2577
0.0,0.78,0.22,0.4767
0.0,1.0,0.0,0.0
0.0,0.685,0.315,0.3182
0.623,0.377,0.0,-0.5106
0.254,0.746,0.0,-0.7003
0.352,0.648,0.0,-0.3089
0.0,1.0,0.0,0.0
0.0,1.0,0.0,0.0
0.0,1.0,0.0,0.0
0.0,0.649,0.351,0.4019
0.0,0.752,0.248,0.765
0.649,0.351,0.0,-0.5719
0.0,1.0,0.0,0.0
0.688,0.312,0.0,-0.296
0.0,1.0,0.0,0.0
0.0,1.0,0.0,0.0
0.0,1.0,0.0,0.0
0.326,0.674,0.0,-0.4404
0.0,0.606,0.394,0.6369
0.194,0.432,0.374,0.3612
0.0,1.0,0.0,0.0
0.0,0.806,0.194,0.34
0.0,1.0,0.0,0.0
0.0,0.86,0.14,0.0772
0.0,1.0,0.0,0.0
0.219,0.781,0.0,-0.1027
0.0,1.0,0.0,0.0
0.152,0.543,0.304,0.34
0.279,0.721,0.0,-0.836
0.0,0.85,0.15,0.5719
0.0,1.0,0.0,0.0
0.0,0.676,0.324,0.34
0.0,1.0,0.0,0.0
0.136,0.593,0.271,0.3818
0.075,0.847,0.077,0.2732
0.0,0.455,0.545,0.5574
0.677,0.194,0.129,-0.8176
0.0,1.0,0.0,0.0
0.0,0.545,0.455,0.3612
0.171,0.829,0.0,-0.5106
0.203,0.797,0.0,-0.4215
0.524,0.476,0.0,-0.296
0.0,1.0,0.0,0.0
0.0,0.27,0.73,0.4019
0.464,0.536,0.0,-0.3818
0.0,0.794,0.206,0.3818
0.403,0.597,0.0,-0.4019
0.0,1.0,0.0,0.0
0.149,0.851,0.0,-0.1027
0.0,1.0,0.0,0.0
0.0,1.0,0.0,0.0
0.0,0.769,0.231,0.34
0.545,0.455,0.0,-0.0516
0.767,0.233,0.0,-0.5106
0.31,0.69,0.0,-0.4019
0.184,0.598,0.218,0.2023
0.0,1.0,0.0,0.0
0.303,0.545,0.152,-0.3612
0.0,1.0,0.0,0.0
0.414,0.429,0.157,-0.4215
0.125,0.625,0.25,0.34
0.0,0.755,0.245,0.0762
0.249,0.751,0.0,-0.7438
0.179,0.708,0.113,-0.3818
0.0,0.876,0.124,0.34
0.0,0.805,0.195,0.4404
0.0,1.0,0.0,0.0
0.0,1.0,0.0,0.0
0.0,0.739,0.261,0.5574
0.0,0.714,0.286,0.5574
0.216,0.784,0.0,-0.5106
0.0,0.653,0.347,0.7096
0.06,0.86,0.08,-0.0931
0.0,1.0,0.0,0.0
0.0,1.0,0.0,0.0
0.0,0.627,0.373,0.8934
0.452,0.548,0.0,-0.5106
0.0,1.0,0.0,0.0
0.0,0.368,0.632,0.6319
0.302,0.698,0.0,-0.3818
0.0,0.385,0.615,0.7506
0.0,0.593,0.407,0.8625
0.767,0.233,0.0,-0.5106
0.0,0.741,0.259,0.5568
0.114,0.746,0.14,0.1531
0.0,0.58,0.42,0.4404
0.0,1.0,0.0,0.0
0.115,0.885,0.0,-0.3818
0.235,0.51,0.255,0.0516
0.0,1.0,0.0,0.0
0.0,1.0,0.0,0.0
0.0,1.0,0.0,0.0
0.319,0.29,0.391,0.128
0.0,0.922,0.078,0.3182
0.287,0.713,0.0,-0.7057
0.0,1.0,0.0,0.0
0.078,0.843,0.078,0.0
0.636,0.364,0.0,-0.5423
0.342,0.658,0.0,-0.3818
0.0,1.0,0.0,0.0
0.082,0.918,0.0,-0.1531
0.452,0.548,0.0,-0.5106
0.0,0.633,0.367,0.4404
0.135,0.865,0.0,-0.1027
0.0,0.775,0.225,0.7269
0.692,0.308,0.0,-0.6705
0.0,1.0,0.0,0.0
0.0,0.667,0.333,0.7579
0.0,1.0,0.0,0.0
0.0,1.0,0.0,0.0
0.273,0.727,0.0,-0.3089
0.0,0.357,0.643,0.5574
0.0,1.0,0.0,0.0
0.0,0.783,0.217,0.5574
0.0,0.732,0.268,0.296
0.0,1.0,0.0,0.0
0.0,1.0,0.0,0.0
0.122,0.878,0.0,-0.3612
0.0,1.0,0.0,0.0
0.57,0.43,0.0,-0.6478
0.0,1.0,0.0,0.0
0.459,0.541,0.0,-0.1779
0.0,1.0,0.0,0.0
0.0,0.824,0.176,0.4939
0.0,0.238,0.762,0.4939
0.0,1.0,0.0,0.0
0.0,1.0,0.0,0.0
0.0,1.0,0.0,0.0
0.0,1.0,0.0,0.0
0.318,0.682,0.0,-0.4215
0.318,0.353,0.329,0.0258
0.081,0.744,0.175,0.4404
0.0,0.583,0.417,0.6124
0.0,1.0,0.0,0.0
0.0,1.0,0.0,0.0
0.0,1.0,0.0,0.0
0.0,0.758,0.242,0.1531
0.0,1.0,0.0,0.0
0.0,1.0,0.0,0.0
0.351,0.649,0.0,-0.1779
0.512,0.488,0.0,-0.2732
0.0,0.472,0.528,0.6908
0.163,0.717,0.12,-0.0237
0.0,1.0,0.0,0.0
0.255,0.745,0.0,-0.34
0.18,0.82,0.0,-0.296
0.355,0.645,0.0,-0.5106
0.464,0.536,0.0,-0.3818
0.0,0.526,0.474,0.5574
0.0,0.899,0.101,0.2263
0.0,1.0,0.0,0.0
0.0,1.0,0.0,0.0
0.0,1.0,0.0,0.0
0.0,1.0,0.0,0.0
0.767,0.233,0.0,-0.5106
0.0,0.357,0.643,0.8689
0.231,0.556,0.213,-0.0516
0.0,1.0,0.0,0.0
0.221,0.779,0.0,-0.1779
0.0,1.0,0.0,0.0
0.0,1.0,0.0,0.0
0.0,0.75,0.25,0.4588
0.0,0.545,0.455,0.3612
0.0,1.0,0.0,0.0
0.0,1.0,0.0,0.0
0.0,1.0,0.0,0.0
0.0,1.0,0.0,0.0
0.0,1.0,0.0,0.0
0.0,1.0,0.0,0.0
0.213,0.787,0.0,-0.4019
0.0,0.758,0.242,0.4939
0.0,1.0,0.0,0.0
0.0,1.0,0.0,0.0
0.0,1.0,0.0,0.0
0.0,1.0,0.0,0.0
0.0,1.0,0.0,0.0
0.0,0.588,0.412,0.2732
0.375,0.625,0.0,-0.2023
0.206,0.794,0.0,-0.3818
0.0,0.633,0.367,0.4404
0.444,0.556,0.0,-0.1531
0.0,1.0,0.0,0.0
0.0,0.3,0.7,0.7906
0.0,1.0,0.0,0.0
0.16,0.84,0.0,-0.2732
0.386,0.614,0.0,-0.2235
0.0,1.0,0.0,0.0
0.0,0.622,0.378,0.8176
0.292,0.708,0.0,-0.5106
0.0,1.0,0.0,0.0
0.0,1.0,0.0,0.0
0.494,0.506,0.0,-0.8316
0.249,0.687,0.064,-0.5511
0.0,1.0,0.0,0.0
0.0,1.0,0.0,0.0
0.0,1.0,0.0,0.0
0.623,0.377,0.0,-0.5106
0.0,0.833,0.167,0.25
0.0,1.0,0.0,0.0
0.138,0.862,0.0,-0.34
0.0,0.444,0.556,0.3612
0.0,1.0,0.0,0.0
0.209,0.791,0.0,-0.6159
0.0,0.927,0.073,0.1511
0.0,0.722,0.278,0.4019
0.0,0.769,0.231,0.4019
0.213,0.787,0.0,-0.4019
0.243,0.757,0.0,-0.4391
0.474,0.526,0.0,-0.4019
0.0,1.0,0.0,0.0
0.0,1.0,0.0,0.0
0.0,0.667,0.333,0.3612
0.333,0.667,0.0,-0.6124
0.0,0.729,0.271,0.6369
0.0,1.0,0.0,0.0
0.0,1.0,0.0,0.0
0.323,0.376,0.3,-0.079
1.0,0.0,0.0,-0.4019
0.0,0.833,0.167,0.4215
0.0,1.0,0.0,0.0
0.565,0.435,0.0,-0.3818
0.0,0.702,0.298,0.7778
0.515,0.0,0.485,-0.0258
0.469,0.391,0.141,-0.6369
0.0,1.0,0.0,0.0
0.0,0.688,0.312,0.6124
0.273,0.505,0.222,-0.128
0.0,1.0,0.0,0.0
0.0,0.596,0.404,0.7269
0.0,1.0,0.0,0.0
0.0,1.0,0.0,0.0
0.345,0.655,0.0,-0.2755
0.0,1.0,0.0,0.0
0.0,1.0,0.0,0.0
0.0,0.486,0.514,0.7506
0.0,0.891,0.109,0.4019
0.0,1.0,0.0,0.0
0.135,0.865,0.0,-0.2023
0.0,1.0,0.0,0.0
0.0,1.0,0.0,0.0
0.0,0.575,0.425,0.5719
0.365,0.635,0.0,-0.3182
0.0,1.0,0.0,0.0
0.474,0.526,0.0,-0.2023
0.0,1.0,0.0,0.0
0.0,0.458,0.542,0.9484
0.0,1.0,0.0,0.0
0.29,0.534,0.176,-0.128
0.232,0.697,0.071,-0.4158
0.123,0.877,0.0,-0.1027
0.0,1.0,0.0,0.0
0.216,0.784,0.0,-0.296
0.0,1.0,0.0,0.0
0.0,1.0,0.0,0.0
0.195,0.805,0.0,-0.1779
0.73,0.27,0.0,-0.4019
0.0,1.0,0.0,0.0
0.0,1.0,0.0,0.0
0.574,0.426,0.0,-0.4019
0.0,1.0,0.0,0.0
0.0,1.0,0.0,0.0
0.189,0.811,0.0,-0.1027
0.0,1.0,0.0,0.0
0.0,1.0,0.0,0.0
0.0,0.762,0.238,0.3612
0.437,0.563,0.0,-0.4767
0.0,0.799,0.201,0.7003
0.0,1.0,0.0,0.0
0.0,1.0,0.0,0.0
0.0,1.0,0.0,0.0
0.0,1.0,0.0,0.0
0.0,0.7,0.3,0.8402
0.0,1.0,0.0,0.0
0.0,0.519,0.481,0.5719
0.164,0.669,0.167,0.0258
0.0,0.786,0.214,0.4588
0.0,1.0,0.0,0.0
0.119,0.743,0.139,0.1027
0.0,1.0,0.0,0.0
0.0,0.435,0.565,0.3818
0.107,0.893,0.0,-0.2023
0.095,0.905,0.0,-0.2755
0.2,0.8,0.0,-0.5423
0.0,0.522,0.478,0.8468
0.0,0.192,0.808,0.6369
0.0,0.303,0.697,0.3182
0.0,1.0,0.0,0.0
0.0,1.0,0.0,0.0
0.0,1.0,0.0,0.0
0.214,0.655,0.131,-0.4423
0.0,1.0,0.0,0.0
0.149,0.714,0.136,-0.0516
0.086,0.592,0.322,0.5574
0.257,0.667,0.076,-0.5859
0.394,0.606,0.0,-0.0772
0.0,1.0,0.0,0.0
0.36,0.133,0.507,0.2732
0.0,1.0,0.0,0.0
0.0,1.0,0.0,0.0
0.137,0.538,0.325,0.7906
0.538,0.462,0.0,-0.5423
0.0,1.0,0.0,0.0
0.076,0.412,0.512,0.8126
0.0,0.829,0.171,0.5719
0.0,1.0,0.0,0.0
0.0,0.716,0.284,0.4168
0.135,0.865,0.0,-0.2924
0.0,1.0,0.0,0.0
0.73,0.27,0.0,-0.4019
0.0,1.0,0.0,0.0
0.0,0.913,0.087,0.431
0.0,1.0,0.0,0.0
0.278,0.722,0.0,-0.4019
0.0,0.777,0.223,0.6319
0.118,0.882,0.0,-0.25
0.0,1.0,0.0,0.0
0.0,1.0,0.0,0.0
0.0,1.0,0.0,0.0
0.0,0.698,0.302,0.8689
0.259,0.741,0.0,-0.2732
0.0,1.0,0.0,0.0
0.096,0.719,0.186,0.25
0.0,1.0,0.0,0.0
0.197,0.803,0.0,-0.4019
0.0,1.0,0.0,0.0
0.403,0.597,0.0,-0.4019
0.0,1.0,0.0,0.0
0.0,0.602,0.398,0.5106
0.574,0.426,0.0,-0.4019
0.0,0.88,0.12,0.4588
0.104,0.896,0.0,-0.1027
0.0,1.0,0.0,0.0
0.274,0.726,0.0,-0.2235
0.212,0.788,0.0,-0.2235
0.274,0.726,0.0,-0.2235
0.139,0.861,0.0,-0.2732
0.0,1.0,0.0,0.0
0.0,1.0,0.0,0.0
0.48,0.0,0.52,0.0516
0.558,0.442,0.0,-0.743
0.0,1.0,0.0,0.0
0.06,0.821,0.119,0.3818
0.065,0.748,0.187,0.3818
0.0,1.0,0.0,0.0
0.0,1.0,0.0,0.0
0.0,0.734,0.266,0.5719
0.423,0.256,0.321,-0.2023
0.0,0.796,0.204,0.3182
0.0,0.731,0.269,0.6326
0.32,0.68,0.0,-0.5106
0.149,0.851,0.0,-0.1027
0.0,1.0,0.0,0.0
1.0,0.0,0.0,-0.4019
0.355,0.645,0.0,-0.5106
0.268,0.732,0.0,-0.5267
0.0,0.526,0.474,0.4019
0.0,1.0,0.0,0.0
0.0,1.0,0.0,0.0
0.0,1.0,0.0,0.0
0.0,1.0,0.0,0.0
0.0,1.0,0.0,0.0
0.0,1.0,0.0,0.0
0.0,0.914,0.086,0.4404
0.0,1.0,0.0,0.0
0.293,0.707,0.0,-0.4404
0.318,0.682,0.0,-0.1027
0.0,1.0,0.0,0.0
0.115,0.724,0.161,0.0196
0.623,0.377,0.0,-0.5106
0.0,1.0,0.0,0.0
0.241,0.759,0.0,-0.2263
0.0,0.625,0.375,0.7906
0.0,1.0,0.0,0.0
0.183,0.611,0.206,0.0772
0.0,1.0,0.0,0.0
0.091,0.909,0.0,-0.1027
0.0,0.667,0.333,0.5423
0.385,0.615,0.0,-0.3612
0.0,0.894,0.106,0.0772
0.0,1.0,0.0,0.0
0.176,0.64,0.184,0.0258
0.324,0.676,0.0,-0.34
0.173,0.827,0.0,-0.3182
0.0,1.0,0.0,0.0
0.0,0.791,0.209,0.4404
0.0,1.0,0.0,0.0
0.0,1.0,0.0,0.0
0.0,1.0,0.0,0.0
0.078,0.819,0.103,0.1779
0.0,1.0,0.0,0.0
0.0,0.843,0.157,0.3818
0.468,0.26,0.273,-0.3612
0.0,1.0,0.0,0.0
0.0,0.633,0.367,0.4404
0.0,1.0,0.0,0.0
0.0,0.847,0.153,0.4019
0.0,1.0,0.0,0.0
0.596,0.404,0.0,-0.7089
0.0,1.0,0.0,0.0
0.137,0.538,0.325,0.7906
0.0,0.781,0.219,0.4215
0.75,0.25,0.0,-0.7184
0.278,0.722,0.0,-0.4019
0.0,1.0,0.0,0.0
0.0,1.0,0.0,0.0
0.0,0.756,0.244,0.7964
0.0,1.0,0.0,0.0
0.0,0.805,0.195,0.4404
0.0,1.0,0.0,0.0
0.0,1.0,0.0,0.0
0.0,0.649,0.351,0.4019
0.0,1.0,0.0,0.0
0.455,0.545,0.0,-0.3612
0.0,1.0,0.0,0.0
0.064,0.407,0.529,0.9287
0.104,0.896,0.0,-0.4201
0.133,0.513,0.354,0.5106
0.503,0.497,0.0,-0.8442
0.474,0.526,0.0,-0.4019
0.0,1.0,0.0,0.0
0.0,1.0,0.0,0.0
0.0,0.256,0.744,0.7003
0.095,0.816,0.088,-0.0258
0.0,1.0,0.0,0.0
0.0,0.444,0.556,0.3612
0.0,1.0,0.0,0.0
0.0,1.0,0.0,0.0
0.0,1.0,0.0,0.0
0.0,1.0,0.0,0.0
0.31,0.69,0.0,-0.4019
0.0,1.0,0.0,0.0
0.0,1.0,0.0,0.0
0.306,0.694,0.0,-0.296
0.0,1.0,0.0,0.0
0.0,1.0,0.0,0.0
0.0,1.0,0.0,0.0
0.0,1.0,0.0,0.0
0.0,1.0,0.0,0.0
0.0,1.0,0.0,0.0
0.403,0.597,0.0,-0.6597
0.592,0.408,0.0,-0.4404
0.135,0.865,0.0,-0.1027
0.0,1.0,0.0,0.0
0.0,1.0,0.0,0.0
0.0,0.654,0.346,0.5719
0.193,0.677,0.13,-0.296
0.0,1.0,0.0,0.0
0.417,0.583,0.0,-0.5542
0.0,1.0,0.0,0.0
0.0,1.0,0.0,0.0
0.0,1.0,0.0,0.0
0.112,0.616,0.272,0.7566
0.099,0.792,0.109,0.0701
0.123,0.877,0.0,-0.1027
0.167,0.833,0.0,-0.1027
0.0,1.0,0.0,0.0
0.0,1.0,0.0,0.0
0.464,0.536,0.0,-0.3818
0.0,1.0,0.0,0.0
0.0,1.0,0.0,0.0
0.0,1.0,0.0,0.0
0.0,1.0,0.0,0.0
0.245,0.612,0.143,-0.2528
0.31,0.69,0.0,-0.4019
0.574,0.426,0.0,-0.4019
0.0,0.738,0.262,0.7213
0.0,1.0,0.0,0.0
0.241,0.759,0.0,-0.2263
0.0,0.596,0.404,0.7269
0.358,0.411,0.232,-0.6486
0.375,0.417,0.208,-0.6597
0.0,1.0,0.0,0.0
0.0,1.0,0.0,0.0
0.0,1.0,0.0,0.0
0.0,0.864,0.136,0.5106
0.141,0.859,0.0,-0.4522
0.0,1.0,0.0,0.0
0.0,1.0,0.0,0.0
0.132,0.705,0.163,0.1779
0.0,0.256,0.744,0.4404
0.0,0.753,0.247,0.3182
0.0,1.0,0.0,0.0
0.0,0.536,0.464,0.6369
0.169,0.692,0.138,-0.1027
0.0,0.536,0.464,0.6369
0.205,0.606,0.189,-0.0516
0.0,1.0,0.0,0.0
0.0,1.0,0.0,0.0
0.325,0.675,0.0,-0.1139
0.0,1.0,0.0,0.0
0.071,0.683,0.246,0.6836
0.0,1.0,0.0,0.0
0.0,1.0,0.0,0.0
0.0,1.0,0.0,0.0
0.0,0.763,0.237,0.4215
0.0,0.784,0.216,0.7841
0.565,0.435,0.0,-0.3818
0.172,0.828,0.0,-0.4404
0.0,1.0,0.0,0.0
0.0,1.0,0.0,0.0
0.0,0.801,0.199,0.4995
0.0,0.526,0.474,0.8689
0.464,0.536,0.0,-0.3818
0.0,0.545,0.455,0.3612
0.25,0.75,0.0,-0.4588
0.0,0.386,0.614,0.7481
0.0,1.0,0.0,0.0
0.278,0.722,0.0,-0.4019
0.0,1.0,0.0,0.0
0.0,1.0,0.0,0.0
0.432,0.4,0.168,-0.5106
0.196,0.804,0.0,-0.5267
0.0,0.714,0.286,0.4215
0.0,1.0,0.0,0.0
0.0,1.0,0.0,0.0
0.0,0.723,0.277,0.802
0.0,1.0,0.0,0.0
0.0,1.0,0.0,0.0
0.0,1.0,0.0,0.0
0.0,0.828,0.172,0.4023
0.0,1.0,0.0,0.0
0.0,1.0,0.0,0.0
0.0,1.0,0.0,0.0
0.0,0.498,0.502,0.6166
0.135,0.865,0.0,-0.1027
0.0,1.0,0.0,0.0
0.0,1.0,0.0,0.0
0.0,1.0,0.0,0.0
0.0,0.761,0.239,0.7841
0.508,0.492,0.0,-0.4767
0.0,0.874,0.126,0.3818
0.0,0.814,0.186,0.4939
0.0,0.508,0.492,0.4404
0.0,1.0,0.0,0.0
0.0,1.0,0.0,0.0
0.259,0.588,0.153,-0.2263
0.0,1.0,0.0,0.0
0.0,0.874,0.126,0.0772
0.265,0.344,0.391,0.6177
0.0,1.0,0.0,0.0
0.688,0.312,0.0,-0.296
0.099,0.901,0.0,-0.3182
0.351,0.649,0.0,-0.4019
0.0,1.0,0.0,0.0
0.0,1.0,0.0,0.0
0.452,0.548,0.0,-0.765
0.138,0.608,0.254,0.2732
0.0,1.0,0.0,0.0
0.0,0.714,0.286,0.4939
0.227,0.677,0.096,-0.5106
0.0,1.0,0.0,0.0
0.0,1.0,0.0,0.0
0.0,0.147,0.853,0.7003
0.0,1.0,0.0,0.0
0.0,0.598,0.402,0.5719
0.091,0.909,0.0,-0.1027
0.216,0.784,0.0,-0.296
0.122,0.548,0.331,0.5319
0.0,1.0,0.0,0.0
0.0,0.805,0.195,0.4404
0.0,0.615,0.385,0.6124
0.235,0.641,0.123,-0.3111
0.318,0.682,0.0,-0.1027
0.0,0.448,0.552,0.5719
0.0,1.0,0.0,0.0
0.0,1.0,0.0,0.0
0.083,0.726,0.191,0.5106
0.0,1.0,0.0,0.0
0.053,0.827,0.12,0.4215
0.067,0.933,0.0,-0.0772
0.26,0.481,0.26,0.0
0.107,0.728,0.165,0.0516
0.0,0.458,0.542,0.3724
0.0,1.0,0.0,0.0
0.288,0.48,0.232,-0.1779
0.0,1.0,0.0,0.0
0.0,1.0,0.0,0.0
0.0,1.0,0.0,0.0
0.0,1.0,0.0,0.0
0.511,0.489,0.0,-0.4824
0.0,0.837,0.163,0.5719
0.0,1.0,0.0,0.0
0.315,0.685,0.0,-0.3182
0.219,0.781,0.0,-0.4472
0.0,0.567,0.433,0.7469
0.377,0.623,0.0,-0.2057
0.0,1.0,0.0,0.0
0.0,0.741,0.259,0.7506
0.0,1.0,0.0,0.0
0.26,0.623,0.117,-0.4102
0.0,0.822,0.178,0.0772
0.519,0.481,0.0,-0.6597
0.381,0.619,0.0,-0.6486
0.0,1.0,0.0,0.0
0.0,1.0,0.0,0.0
0.348,0.652,0.0,-0.6599
0.0,1.0,0.0,0.0
0.065,0.595,0.34,0.8032
0.524,0.476,0.0,-0.296
0.136,0.791,0.073,-0.4588
0.483,0.517,0.0,-0.4215
0.0,0.818,0.182,0.7003
0.247,0.753,0.0,-0.5574
0.0,0.847,0.153,0.2023
0.0,1.0,0.0,0.0
0.0,1.0,0.0,0.0
0.216,0.784,0.0,-0.5106
0.0,1.0,0.0,0.0
0.0,1.0,0.0,0.0
0.744,0.256,0.0,-0.4404
0.0,0.887,0.113,0.4215
0.0,1.0,0.0,0.0
0.0,1.0,0.0,0.0
0.0,1.0,0.0,0.0
0.0,1.0,0.0,0.0
0.0,1.0,0.0,0.0
0.0,1.0,0.0,0.0
0.196,0.804,0.0,-0.296
0.0,1.0,0.0,0.0
0.0,1.0,0.0,0.0
0.0,1.0,0.0,0.0
0.0,0.708,0.292,0.5106
0.0,0.588,0.412,0.1027
0.0,1.0,0.0,0.0
0.0,1.0,0.0,0.0
0.0,1.0,0.0,0.0
0.0,1.0,0.0,0.0
0.0,1.0,0.0,0.0
0.464,0.536,0.0,-0.3818
0.0,1.0,0.0,0.0
0.535,0.465,0.0,-0.3182
0.0,0.727,0.273,0.3089
0.185,0.685,0.129,-0.2052
0.0,0.69,0.31,0.4019
0.592,0.408,0.0,-0.4404
0.156,0.844,0.0,-0.0762
0.0,1.0,0.0,0.0
0.0,1.0,0.0,0.0
0.32,0.68,0.0,-0.5106
0.209,0.405,0.385,0.3818
0.276,0.51,0.214,-0.1531
0.0,1.0,0.0,0.0
0.0,0.75,0.25,0.25
0.0,1.0,0.0,0.0
0.403,0.597,0.0,-0.4019
0.0,0.588,0.412,0.4215
0.0,1.0,0.0,0.0
0.0,0.704,0.296,0.4939
0.0,1.0,0.0,0.0
0.0,1.0,0.0,0.0
0.0,0.815,0.185,0.6124
0.412,0.588,0.0,-0.5423
0.0,1.0,0.0,0.0
0.0,1.0,0.0,0.0
0.0,0.682,0.318,0.6808
0.0,1.0,0.0,0.0
0.0,1.0,0.0,0.0
0.084,0.73,0.186,0.4215
0.337,0.487,0.176,-0.5106
0.0,0.753,0.247,0.3182
0.0,0.722,0.278,0.6124
0.0,1.0,0.0,0.0
0.0,0.723,0.277,0.3182
0.397,0.603,0.0,-0.2449
0.235,0.765,0.0,-0.4588
0.0,1.0,0.0,0.0
0.0,1.0,0.0,0.0
0.42,0.58,0.0,-0.4404
0.0,1.0,0.0,0.0
0.0,0.795,0.205,0.4767
0.51,0.49,0.0,-0.6369
0.0,0.723,0.277,0.3182
0.636,0.364,0.0,-0.5423
0.0,1.0,0.0,0.0
0.429,0.571,0.0,-0.128
0.737,0.263,0.0,-0.4215
0.0,1.0,0.0,0.0
0.0,1.0,0.0,0.0
0.0,1.0,0.0,0.0
0.123,0.877,0.0,-0.2755
0.0,1.0,0.0,0.0
0.0,1.0,0.0,0.0
0.0,1.0,0.0,0.0
0.0,1.0,0.0,0.0
0.0,0.328,0.672,0.6249
0.0,0.462,0.538,0.5667
0.0,1.0,0.0,0.0
0.0,1.0,0.0,0.0
0.0,1.0,0.0,0.0
0.215,0.538,0.246,0.1027
0.342,0.658,0.0,-0.3818
0.0,1.0,0.0,0.0
0.0,1.0,0.0,0.0
0.152,0.717,0.13,-0.128
0.0,1.0,0.0,0.0
0.0,1.0,0.0,0.0
0.0,0.734,0.266,0.7096
0.0,0.813,0.187,0.3182
0.149,0.851,0.0,-0.1027
0.0,0.777,0.223,0.3182
0.0,0.522,0.478,0.6705
0.0,1.0,0.0,0.0
0.0,1.0,0.0,0.0
0.363,0.637,0.0,-0.6908
0.0,1.0,0.0,0.0
0.151,0.482,0.367,0.5574
0.73,0.27,0.0,-0.4019
0.403,0.597,0.0,-0.4019
0.0,0.566,0.434,0.3182
0.623,0.377,0.0,-0.5106
0.0,0.672,0.328,0.4404
0.293,0.448,0.26,-0.2732
0.0,1.0,0.0,0.0
0.369,0.568,0.062,-0.7506
0.0,1.0,0.0,0.0
0.0,1.0,0.0,0.0
0.204,0.796,0.0,-0.3182
0.225,0.333,0.442,0.3818
0.0,1.0,0.0,0.0
0.0,1.0,0.0,0.0
0.0,1.0,0.0,0.0
0.167,0.833,0.0,-0.1027
0.0,1.0,0.0,0.0
0.356,0.644,0.0,-0.6096
0.0,0.714,0.286,0.5574
0.0,1.0,0.0,0.0
0.0,1.0,0.0,0.0
0.0,1.0,0.0,0.0
0.0,1.0,0.0,0.0
0.0,1.0,0.0,0.0
0.0,1.0,0.0,0.0
0.275,0.725,0.0,-0.2263
0.464,0.536,0.0,-0.3818
0.0,1.0,0.0,0.0
0.0,1.0,0.0,0.0
0.0,0.608,0.392,0.7003
0.095,0.905,0.0,-0.2263
0.131,0.511,0.358,0.6124
0.0,1.0,0.0,0.0
0.282,0.718,0.0,-0.6249
0.4,0.286,0.314,0.0258
0.0,0.758,0.242,0.1531
0.0,0.625,0.375,0.2023
0.16,0.616,0.224,0.1316
0.0,1.0,0.0,0.0
0.0,1.0,0.0,0.0
0.0,1.0,0.0,0.0
0.0,1.0,0.0,0.0
0.281,0.417,0.302,0.0516
0.0,1.0,0.0,0.0
0.271,0.729,0.0,-0.3818
0.0,1.0,0.0,0.0
0.304,0.696,0.0,-0.3612
0.0,1.0,0.0,0.0
0.0,1.0,0.0,0.0
0.595,0.405,0.0,-0.8316
0.706,0.294,0.0,-0.34
0.0,0.526,0.474,0.6597
0.266,0.734,0.0,-0.6728
0.405,0.595,0.0,-0.5267
0.259,0.741,0.0,-0.2732
0.0,0.868,0.132,0.4939
0.0,1.0,0.0,0.0
0.0,1.0,0.0,0.0
0.0,0.377,0.623,0.5106
0.0,0.606,0.394,0.3818
0.0,1.0,0.0,0.0
0.0,1.0,0.0,0.0
0.306,0.694,0.0,-0.296
0.278,0.722,0.0,-0.4019
0.0,0.811,0.189,0.2732
0.4,0.6,0.0,-0.4588
0.6,0.4,0.0,-0.7184
0.0,0.502,0.498,0.8977
0.452,0.548,0.0,-0.5106
0.0,1.0,0.0,0.0
0.0,0.526,0.474,0.743
0.0,0.588,0.412,0.2732
0.0,1.0,0.0,0.0
0.652,0.348,0.0,-0.8176
0.306,0.694,0.0,-0.296
0.688,0.312,0.0,-0.296
0.355,0.645,0.0,-0.296
0.0,1.0,0.0,0.0
0.0,0.794,0.206,0.0772
0.0,0.679,0.321,0.7297
0.0,1.0,0.0,0.0
0.2,0.8,0.0,-0.25
0.524,0.476,0.0,-0.5106
0.583,0.417,0.0,-0.4215
0.185,0.815,0.0,-0.1511
0.301,0.478,0.22,-0.4019
0.0,1.0,0.0,0.0
0.0,0.608,0.392,0.7269
0.0,0.694,0.306,0.296
0.0,0.678,0.322,0.2263
0.0,0.556,0.444,0.1531
0.398,0.602,0.0,-0.5106
0.0,0.916,0.084,0.296
0.205,0.636,0.159,-0.1635
0.382,0.197,0.421,0.1531
0.0,1.0,0.0,0.0
0.0,1.0,0.0,0.0
0.0,0.888,0.112,0.4404
0.184,0.816,0.0,-0.4019
0.0,1.0,0.0,0.0
0.0,1.0,0.0,0.0
0.0,0.762,0.238,0.3612
0.0,0.763,0.237,0.4215
0.0,1.0,0.0,0.0
0.0,1.0,0.0,0.0
0.0,1.0,0.0,0.0
0.096,0.789,0.114,0.1027
0.0,1.0,0.0,0.0
0.0,1.0,0.0,0.0
0.0,0.465,0.535,0.3182
0.0,0.752,0.248,0.765
0.0,0.602,0.398,0.5106
0.0,0.556,0.444,0.7003
0.286,0.599,0.115,-0.5719
0.0,0.753,0.247,0.3818
0.0,1.0,0.0,0.0
0.298,0.702,0.0,-0.1779
0.767,0.233,0.0,-0.5106
0.0,1.0,0.0,0.0
0.688,0.312,0.0,-0.5267
0.0,1.0,0.0,0.0
0.0,1.0,0.0,0.0
0.0,0.761,0.239,0.7841
0.0,1.0,0.0,0.0
0.289,0.711,0.0,-0.6908
0.375,0.625,0.0,-0.765
0.0,0.435,0.565,0.3818
0.0,1.0,0.0,0.0
0.263,0.737,0.0,-0.3612
0.268,0.732,0.0,-0.296
0.0,0.588,0.412,0.5994
0.0,1.0,0.0,0.0
0.0,1.0,0.0,0.0
0.0,1.0,0.0,0.0
0.0,1.0,0.0,0.0
0.0,1.0,0.0,0.0
0.0,1.0,0.0,0.0
0.0,1.0,0.0,0.0
0.0,0.733,0.267,0.7346
0.253,0.618,0.129,-0.4654
0.0,0.826,0.174,0.4588
0.315,0.685,0.0,-0.5574
0.264,0.643,0.093,-0.3931
0.0,0.729,0.271,0.3818
0.223,0.608,0.169,-0.2023
0.0,1.0,0.0,0.0
0.181,0.736,0.084,-0.4404
0.722,0.278,0.0,-0.6369
0.0,1.0,0.0,0.0
0.0,1.0,0.0,0.0
0.0,0.541,0.459,0.7003
0.121,0.781,0.098,-0.1531
0.0,0.396,0.604,0.9501
0.121,0.57,0.309,0.7425
0.0,0.888,0.112,0.1326
0.231,0.769,0.0,-0.8126
0.167,0.833,0.0,-0.1027
0.0,1.0,0.0,0.0
0.464,0.536,0.0,-0.3818
0.0,0.769,0.231,0.5574
0.0,1.0,0.0,0.0
0.35,0.576,0.074,-0.8427
0.0,0.781,0.219,0.4215
0.116,0.435,0.449,0.6808
0.251,0.663,0.086,-0.5413
0.0,1.0,0.0,0.0
0.0,0.588,0.412,0.6486
0.0,0.484,0.516,0.4939
0.0,1.0,0.0,0.0
0.0,1.0,0.0,0.0
0.162,0.622,0.216,0.0772
0.0,0.588,0.412,0.4215
0.0,1.0,0.0,0.0
0.767,0.233,0.0,-0.5106
0.0,1.0,0.0,0.0
0.0,1.0,0.0,0.0
0.179,0.663,0.158,-0.1027
0.0,1.0,0.0,0.0
0.0,1.0,0.0,0.0
0.0,0.517,0.483,0.6808
0.455,0.545,0.0,-0.3612
0.182,0.606,0.212,0.101
0.286,0.714,0.0,-0.3412
0.0,1.0,0.0,0.0
0.0,0.455,0.545,0.5574
0.0,0.691,0.309,0.6908
0.0,0.498,0.502,0.8779
0.0,1.0,0.0,0.0
0.355,0.461,0.184,-0.3818
0.0,1.0,0.0,0.0
0.0,1.0,0.0,0.0
0.0,0.526,0.474,0.4019
0.226,0.274,0.5,0.4588
0.0,1.0,0.0,0.0
0.226,0.282,0.492,0.765
0.0,1.0,0.0,0.0
0.0,1.0,0.0,0.0
0.255,0.745,0.0,-0.34
0.0,0.803,0.197,0.4019
0.0,0.791,0.209,0.4404
0.0,1.0,0.0,0.0
0.0,1.0,0.0,0.0
0.0,1.0,0.0,0.0
0.0,0.839,0.161,0.3182
0.359,0.641,0.0,-0.4215
0.0,1.0,0.0,0.0
0.0,1.0,0.0,0.0
0.0,0.827,0.173,0.3182
0.0,1.0,0.0,0.0
0.135,0.865,0.0,-0.1027
0.0,1.0,0.0,0.0
0.524,0.476,0.0,-0.5106
0.524,0.476,0.0,-0.5106
0.189,0.811,0.0,-0.2023
0.333,0.667,0.0,-0.3612
0.324,0.676,0.0,-0.8012
0.0,1.0,0.0,0.0
0.189,0.811,0.0,-0.1027
0.464,0.536,0.0,-0.3818
0.0,1.0,0.0,0.0
0.0,1.0,0.0,0.0
0.0,1.0,0.0,0.0
0.0,0.755,0.245,0.0772
0.0,1.0,0.0,0.0
0.0,1.0,0.0,0.0
0.0,1.0,0.0,0.0
0.0,1.0,0.0,0.0
0.0,1.0,0.0,0.0
0.338,0.662,0.0,-0.5574
0.173,0.827,0.0,-0.3291
0.0,1.0,0.0,0.0
0.0,0.548,0.452,0.5106
0.554,0.446,0.0,-0.7351
0.0,1.0,0.0,0.0
0.172,0.667,0.161,-0.0516
0.0,0.682,0.318,0.4215
0.0,1.0,0.0,0.0
0.4,0.6,0.0,-0.4588
0.73,0.27,0.0,-0.4019
0.245,0.755,0.0,-0.3818
0.0,1.0,0.0,0.0
0.0,1.0,0.0,0.0
0.0,1.0,0.0,0.0
0.189,0.811,0.0,-0.3612
0.0,0.597,0.403,0.4023
0.394,0.606,0.0,-0.3818
0.0,1.0,0.0,0.0
0.213,0.41,0.377,0.25
0.0,1.0,0.0,0.0
0.0,1.0,0.0,0.0
0.0,1.0,0.0,0.0
0.0,1.0,0.0,0.0
0.0,1.0,0.0,0.0
0.623,0.377,0.0,-0.5106
0.0,1.0,0.0,0.0
0.381,0.619,0.0,-0.5709
0.0,1.0,0.0,0.0
0.0,1.0,0.0,0.0
0.302,0.698,0.0,-0.7579
0.0,0.729,0.271,0.3818
0.0,1.0,0.0,0.0
0.0,0.797,0.203,0.2577
0.0,0.738,0.262,0.4939
0.636,0.364,0.0,-0.5423
0.0,1.0,0.0,0.0
0.0,0.466,0.534,0.5559
0.0,1.0,0.0,0.0
0.278,0.722,0.0,-0.4019
0.0,0.698,0.302,0.8689
0.0,0.408,0.592,0.7717
0.424,0.152,0.424,0.0
0.444,0.556,0.0,-0.34
0.0,0.756,0.244,0.7964
0.072,0.853,0.075,0.0258
0.583,0.417,0.0,-0.4215
0.0,1.0,0.0,0.0
0.0,0.675,0.325,0.7351
0.42,0.58,0.0,-0.4404
0.133,0.867,0.0,-0.3818
0.409,0.591,0.0,-0.8074
0.0,1.0,0.0,0.0
0.239,0.761,0.0,-0.296
0.565,0.435,0.0,-0.3818
0.0,1.0,0.0,0.0
0.0,1.0,0.0,0.0
0.0,1.0,0.0,0.0
0.0,1.0,0.0,0.0
0.0,1.0,0.0,0.0
0.0,0.646,0.354,0.8074
0.609,0.287,0.103,-0.8316
0.0,0.567,0.433,0.9226
0.31,0.69,0.0,-0.4019
0.0,0.637,0.363,0.8442
0.286,0.714,0.0,-0.4215
0.0,1.0,0.0,0.0
0.0,0.777,0.223,0.6486
0.0,0.551,0.449,0.6222
0.574,0.426,0.0,-0.4019
0.35,0.65,0.0,-0.7906
0.0,0.857,0.143,0.3612
0.209,0.791,0.0,-0.2755
0.0,1.0,0.0,0.0
0.0,0.905,0.095,0.0382
0.733,0.267,0.0,-0.6705
0.0,1.0,0.0,0.0
0.0,0.354,0.646,0.743
0.0,0.596,0.404,0.2577
0.267,0.445,0.289,0.1132
0.12,0.648,0.231,0.296
0.0,1.0,0.0,0.0
0.0,1.0,0.0,0.0
0.0,0.828,0.172,0.4019
0.0,0.606,0.394,0.0772
0.398,0.602,0.0,-0.5106
0.0,1.0,0.0,0.0
0.0,1.0,0.0,0.0
0.0,0.672,0.328,0.5994
0.121,0.57,0.309,0.7425
0.385,0.615,0.0,-0.3612
0.0,1.0,0.0,0.0
0.474,0.526,0.0,-0.4019
0.0,0.796,0.204,0.3182
0.133,0.867,0.0,-0.3182
0.0,1.0,0.0,0.0
0.164,0.667,0.17,0.0258
0.0,1.0,0.0,0.0
0.16,0.652,0.188,0.0869
0.0,1.0,0.0,0.0
0.0,1.0,0.0,0.0
0.0,1.0,0.0,0.0
0.663,0.337,0.0,-0.7096
0.398,0.602,0.0,-0.5106
0.0,1.0,0.0,0.0
0.0,1.0,0.0,0.0
0.0,0.863,0.137,0.4019
0.0,1.0,0.0,0.0
0.358,0.642,0.0,-0.5994
0.0,1.0,0.0,0.0
0.1,0.677,0.223,0.2732
0.744,0.256,0.0,-0.4404
0.0,0.714,0.286,0.4588
0.0,1.0,0.0,0.0
0.0,0.545,0.455,0.3612
0.0,1.0,0.0,0.0
0.0,1.0,0.0,0.0
0.0,1.0,0.0,0.0
0.0,0.736,0.264,0.7269
0.0,1.0,0.0,0.0
0.0,1.0,0.0,0.0
0.0,0.814,0.186,0.4939
0.0,1.0,0.0,0.0
0.0,0.775,0.225,0.4939
0.0,0.574,0.426,0.9201
0.177,0.544,0.279,0.3612
0.325,0.675,0.0,-0.431
0.088,0.612,0.301,0.7906
0.0,0.455,0.545,0.5859
0.14,0.723,0.136,-0.0258
0.0,1.0,0.0,0.0
0.0,1.0,0.0,0.0
0.0,0.657,0.343,0.7003
0.0,0.759,0.241,0.2263
0.151,0.692,0.157,0.0258
0.217,0.783,0.0,-0.3612
0.0,1.0,0.0,0.0
0.574,0.426,0.0,-0.4019
0.538,0.462,0.0,-0.5423
0.083,0.688,0.229,0.4939
0.0,1.0,0.0,0.0
0.103,0.634,0.263,0.5063
0.0,1.0,0.0,0.0
0.216,0.784,0.0,-0.5106
0.0,0.69,0.31,0.7964
0.587,0.413,0.0,-0.796
0.0,0.196,0.804,0.6249
0.0,1.0,0.0,0.0
0.384,0.349,0.267,-0.25
0.278,0.722,0.0,-0.4023
0.0,0.696,0.304,0.5423
0.0,1.0,0.0,0.0
0.099,0.735,0.166,0.2062
0.256,0.744,0.0,-0.765
0.0,1.0,0.0,0.0
0.0,1.0,0.0,0.0
0.483,0.517,0.0,-0.4215
0.0,1.0,0.0,0.0
0.0,0.764,0.236,0.5719
0.074,0.74,0.186,0.4382
0.0,0.804,0.196,0.296
0.0,1.0,0.0,0.0
0.0,1.0,0.0,0.0
0.0,0.488,0.512,0.743
0.0,0.796,0.204,0.3182
0.105,0.745,0.15,0.0808
0.0,1.0,0.0,0.0
0.0,1.0,0.0,0.0
0.117,0.558,0.325,0.6249
0.0,1.0,0.0,0.0
0.623,0.377,0.0,-0.5106
0.0,0.596,0.404,0.7264
0.0,0.746,0.254,0.8176
0.148,0.645,0.206,0.2263
0.218,0.782,0.0,-0.5365
0.0,1.0,0.0,0.0
0.0,0.691,0.309,0.8555
0.0,1.0,0.0,0.0
0.0,1.0,0.0,0.0
0.0,1.0,0.0,0.0
0.0,1.0,0.0,0.0
0.131,0.4,0.469,0.7096
0.12,0.88,0.0,-0.0572
0.302,0.698,0.0,-0.3818
0.0,0.426,0.574,0.4019
0.0,0.85,0.15,0.5719
0.0,1.0,0.0,0.0
0.185,0.685,0.13,-0.2023
0.0,1.0,0.0,0.0
0.0,1.0,0.0,0.0
0.0,1.0,0.0,0.0
0.0,1.0,0.0,0.0
0.465,0.282,0.254,-0.3612
0.384,0.616,0.0,-0.6818
0.172,0.828,0.0,-0.4019
0.0,1.0,0.0,0.0
0.0,1.0,0.0,0.0
0.104,0.896,0.0,-0.1027
0.0,1.0,0.0,0.0
0.571,0.429,0.0,-0.7906
0.0,1.0,0.0,0.0
0.0,0.741,0.259,0.4215
0.0,1.0,0.0,0.0
0.0,1.0,0.0,0.0
0.0,0.674,0.326,0.4404
0.149,0.851,0.0,-0.1027
0.722,0.278,0.0,-0.6369
0.0,1.0,0.0,0.0
0.0,1.0,0.0,0.0
0.0,1.0,0.0,0.0
0.537,0.463,0.0,-0.7003
0.403,0.597,0.0,-0.4019
0.0,1.0,0.0,0.0
0.0,1.0,0.0,0.0
0.0,0.85,0.15,0.3182
0.0,0.85,0.15,0.3182
0.0,1.0,0.0,0.0
0.0,0.37,0.63,0.1779
0.0,1.0,0.0,0.0
0.688,0.312,0.0,-0.296
0.0,1.0,0.0,0.0
0.0,1.0,0.0,0.0
0.0,1.0,0.0,0.0
0.535,0.465,0.0,-0.3182
0.0,1.0,0.0,0.0
0.0,0.8,0.2,0.25
0.0,1.0,0.0,0.0
0.0,1.0,0.0,0.0
0.284,0.609,0.107,-0.5423
0.0,0.709,0.291,0.5719
0.0,1.0,0.0,0.0
0.0,1.0,0.0,0.0
0.434,0.566,0.0,-0.3182
0.385,0.615,0.0,-0.3612
0.778,0.222,0.0,-0.5423
0.0,1.0,0.0,0.0
0.146,0.709,0.146,-0.25
0.289,0.439,0.272,-0.0516
0.295,0.446,0.259,-0.1027
0.162,0.838,0.0,-0.4404
0.0,1.0,0.0,0.0
0.0,0.777,0.223,0.3182
0.0,1.0,0.0,0.0
0.0,1.0,0.0,0.0
0.269,0.731,0.0,-0.7096
0.0,0.714,0.286,0.6808
0.0,1.0,0.0,0.0
0.0,1.0,0.0,0.0
0.217,0.783,0.0,-0.3612
0.636,0.364,0.0,-0.5423
0.252,0.748,0.0,-0.4019
0.0,1.0,0.0,0.0
0.0,1.0,0.0,0.0
0.0,0.69,0.31,0.4019
0.0,0.894,0.106,0.0772
0.0,1.0,0.0,0.0
0.0,1.0,0.0,0.0
0.423,0.577,0.0,-0.296
0.116,0.884,0.0,-0.3612
0.0,0.855,0.145,0.296
0.0,0.444,0.556,0.3612
0.0,0.861,0.139,0.6136
0.0,1.0,0.0,0.0
0.0,0.694,0.306,0.6705
0.0,0.556,0.444,0.4939
0.0,1.0,0.0,0.0
0.474,0.526,0.0,-0.6597
0.0,0.533,0.467,0.824
0.0,1.0,0.0,0.0
0.0,1.0,0.0,0.0
0.565,0.435,0.0,-0.3818
0.0,1.0,0.0,0.0
0.615,0.385,0.0,-0.1531
0.0,0.84,0.16,0.4588
0.0,1.0,0.0,0.0
0.0,0.734,0.266,0.2057
0.0,1.0,0.0,0.0
0.0,1.0,0.0,0.0
0.0,1.0,0.0,0.0
0.0,0.787,0.213,0.4019
0.0,1.0,0.0,0.0
0.286,0.714,0.0,-0.0516
0.0,1.0,0.0,0.0
0.767,0.233,0.0,-0.5106
0.0,1.0,0.0,0.0
0.167,0.833,0.0,-0.4215
0.0,1.0,0.0,0.0
0.378,0.622,0.0,-0.8668
0.126,0.368,0.506,0.8038
0.188,0.574,0.239,0.1376
0.0,0.707,0.293,0.4404
0.0,0.527,0.473,0.659
0.0,0.578,0.422,0.8555
0.0,1.0,0.0,0.0
0.0,1.0,0.0,0.0
0.0,1.0,0.0,0.0
0.213,0.787,0.0,-0.2263
0.0,1.0,0.0,0.0
0.0,0.562,0.438,0.7003
0.722,0.278,0.0,-0.3818
0.268,0.732,0.0,-0.5106
0.0,1.0,0.0,0.0
0.0,1.0,0.0,0.0
0.0,0.634,0.366,0.6705
0.0,1.0,0.0,0.0
0.403,0.597,0.0,-0.4019
0.0,0.408,0.592,0.7003
0.195,0.805,0.0,-0.1779
0.0,0.757,0.243,0.7906
0.0,1.0,0.0,0.0
0.0,0.521,0.479,0.8934
0.0,0.69,0.31,0.4019
0.0,1.0,0.0,0.0
0.0,0.816,0.184,0.4019
0.0,1.0,0.0,0.0
0.351,0.649,0.0,-0.4019
0.0,1.0,0.0,0.0
0.0,1.0,0.0,0.0
0.0,1.0,0.0,0.0
0.372,0.628,0.0,-0.7717
0.386,0.614,0.0,-0.2235
0.0,1.0,0.0,0.0
0.117,0.78,0.103,-0.1027
0.0,1.0,0.0,0.0
0.0,1.0,0.0,0.0
0.057,0.572,0.371,0.8268
0.0,1.0,0.0,0.0
0.0,0.792,0.208,0.2732
0.474,0.526,0.0,-0.4019
0.0,0.787,0.213,0.4019
0.0,1.0,0.0,0.0
0.318,0.682,0.0,-0.1027
0.0,1.0,0.0,0.0
0.086,0.791,0.122,0.268
0.403,0.597,0.0,-0.4019
0.0,0.588,0.412,0.4215
0.0,1.0,0.0,0.0
0.0,1.0,0.0,0.0
0.0,1.0,0.0,0.0
0.0,1.0,0.0,0.0
0.0,1.0,0.0,0.0
0.0,1.0,0.0,0.0
0.113,0.887,0.0,-0.1027
0.31,0.69,0.0,-0.4019
0.124,0.619,0.257,0.3612
0.0,0.734,0.266,0.4404
0.0,1.0,0.0,0.0
0.0,1.0,0.0,0.0
0.0,0.87,0.13,0.4019
0.0,1.0,0.0,0.0
0.344,0.656,0.0,-0.2732
0.0,1.0,0.0,0.0
0.0,1.0,0.0,0.0
0.0,1.0,0.0,0.0
0.403,0.597,0.0,-0.4019
0.292,0.708,0.0,-0.5106
0.0,1.0,0.0,0.0
0.0,1.0,0.0,0.0
0.0,0.256,0.744,0.7003
0.0,1.0,0.0,0.0
0.0,1.0,0.0,0.0
0.0,1.0,0.0,0.0
0.0,1.0,0.0,0.0
0.32,0.68,0.0,-0.6342
0.538,0.462,0.0,-0.5423
0.0,0.73,0.27,0.5719
0.205,0.67,0.125,-0.5017
0.268,0.732,0.0,-0.5106
0.0,0.282,0.718,0.6249
0.0,0.816,0.184,0.4019
0.0,0.805,0.195,0.6204
0.467,0.533,0.0,-0.5423
0.0,1.0,0.0,0.0
0.093,0.366,0.541,0.9001
0.0,1.0,0.0,0.0
0.0,0.455,0.545,0.7184
0.136,0.864,0.0,-0.296
0.0,0.357,0.643,0.8689
0.0,1.0,0.0,0.0
0.0,1.0,0.0,0.0
0.474,0.526,0.0,-0.2023
0.0,0.929,0.071,0.1901
0.116,0.741,0.143,0.128
0.0,1.0,0.0,0.0
0.125,0.626,0.248,0.3348
0.0,1.0,0.0,0.0
0.333,0.667,0.0,-0.3612
0.278,0.722,0.0,-0.4019
0.0,1.0,0.0,0.0
0.0,0.764,0.236,0.5719
0.0,1.0,0.0,0.0
0.0,1.0,0.0,0.0
0.0,0.871,0.129,0.5719
0.0,1.0,0.0,0.0
0.592,0.408,0.0,-0.4404
0.207,0.721,0.073,-0.5834
0.351,0.426,0.223,-0.296
0.0,1.0,0.0,0.0
0.0,1.0,0.0,0.0
0.204,0.796,0.0,-0.3182
0.085,0.723,0.192,0.5267
0.0,1.0,0.0,0.0
0.123,0.7,0.177,0.3818
0.0,0.756,0.244,0.4404
0.0,0.669,0.331,0.886
0.0,1.0,0.0,0.0
0.0,1.0,0.0,0.0
0.0,1.0,0.0,0.0
0.0,1.0,0.0,0.0
0.0,1.0,0.0,0.0
0.0,0.86,0.14,0.4767
0.403,0.597,0.0,-0.4019
0.0,1.0,0.0,0.0
0.138,0.491,0.372,0.5168
0.0,0.785,0.215,0.6369
0.086,0.791,0.122,0.268
0.0,0.63,0.37,0.8316
0.243,0.706,0.051,-0.5999
0.0,0.424,0.576,0.7783
0.135,0.865,0.0,-0.4215
0.0,1.0,0.0,0.0
0.0,0.794,0.206,0.3252
0.0,1.0,0.0,0.0
0.722,0.278,0.0,-0.3818
0.138,0.64,0.222,0.3041
0.0,0.722,0.278,0.743
0.266,0.734,0.0,-0.4404
0.0,1.0,0.0,0.0
0.0,1.0,0.0,0.0
0.0,0.752,0.248,0.507
0.0,1.0,0.0,0.0
0.423,0.577,0.0,-0.296
0.115,0.701,0.185,0.296
0.0,0.592,0.408,0.9201
0.0,0.554,0.446,0.9286
0.0,1.0,0.0,0.0
0.0,1.0,0.0,0.0
0.0,1.0,0.0,0.0
0.081,0.809,0.11,0.128
0.0,0.708,0.292,0.765
0.351,0.649,0.0,-0.4019
0.0,1.0,0.0,0.0
0.518,0.482,0.0,-0.6486
0.247,0.411,0.342,0.1027
0.178,0.822,0.0,-0.3818
0.157,0.843,0.0,-0.0772
0.0,1.0,0.0,0.0
0.385,0.615,0.0,-0.4588
0.242,0.758,0.0,-0.4939
0.0,0.686,0.314,0.4939
0.0,0.838,0.162,0.4019
0.128,0.722,0.15,0.1027
0.424,0.576,0.0,-0.748
0.0,1.0,0.0,0.0
0.0,1.0,0.0,0.0
0.0,1.0,0.0,0.0
0.0,0.278,0.722,0.3818
0.0,1.0,0.0,0.0
0.0,1.0,0.0,0.0
0.058,0.578,0.364,0.8402
0.0,1.0,0.0,0.0
0.0,1.0,0.0,0.0
0.0,0.891,0.109,0.4019
0.0,1.0,0.0,0.0
0.314,0.686,0.0,-0.4939
0.08,0.722,0.198,0.4749
0.0,1.0,0.0,0.0
0.722,0.278,0.0,-0.3818
0.0,1.0,0.0,0.0
0.277,0.723,0.0,-0.3182
0.179,0.821,0.0,-0.2411
0.0,1.0,0.0,0.0
0.0,1.0,0.0,0.0
0.277,0.723,0.0,-0.3182
0.0,1.0,0.0,0.0
0.73,0.27,0.0,-0.4019
0.08,0.62,0.299,0.6124
0.0,1.0,0.0,0.0
0.0,1.0,0.0,0.0
0.778,0.222,0.0,-0.5423
0.0,1.0,0.0,0.0
0.0,0.492,0.508,0.4767
0.062,0.938,0.0,-0.1531
0.403,0.597,0.0,-0.4019
0.0,0.827,0.173,0.3182
0.0,0.323,0.677,0.6369
0.464,0.536,0.0,-0.3818
0.0,1.0,0.0,0.0
0.0,1.0,0.0,0.0
0.538,0.462,0.0,-0.5423
0.191,0.809,0.0,-0.3818
0.167,0.833,0.0,-0.296
0.0,0.678,0.322,0.2263
0.538,0.462,0.0,-0.5423
0.0,0.844,0.156,0.5719
0.0,1.0,0.0,0.0
0.0,1.0,0.0,0.0
0.0,1.0,0.0,0.0
0.574,0.426,0.0,-0.4019
0.0,0.787,0.213,0.4019
0.265,0.565,0.169,-0.2975
0.25,0.75,0.0,-0.4576
0.145,0.699,0.156,0.0516
0.0,1.0,0.0,0.0
0.538,0.462,0.0,-0.5423
0.0,1.0,0.0,0.0
0.0,1.0,0.0,0.0
0.241,0.536,0.223,-0.0516
0.574,0.426,0.0,-0.4019
0.0,1.0,0.0,0.0
0.237,0.763,0.0,-0.4767
0.106,0.894,0.0,-0.3612
0.412,0.588,0.0,-0.743
0.196,0.804,0.0,-0.296
0.0,1.0,0.0,0.0
0.0,1.0,0.0,0.0
0.225,0.775,0.0,-0.4404
0.0,1.0,0.0,0.0
0.0,1.0,0.0,0.0
0.256,0.544,0.2,-0.1832
0.262,0.738,0.0,-0.4927
0.0,1.0,0.0,0.0
0.0,1.0,0.0,0.0
0.0,1.0,0.0,0.0
0.3,0.444,0.256,-0.1027
0.0,0.85,0.15,0.4382
0.661,0.339,0.0,-0.5994
0.0,1.0,0.0,0.0
0.0,0.638,0.362,0.1779
0.0,0.756,0.244,0.4404
0.268,0.732,0.0,-0.5106
0.0,0.698,0.302,0.6355
0.295,0.491,0.215,-0.1197
0.123,0.877,0.0,-0.1027
0.0,0.775,0.225,0.4404
0.0,1.0,0.0,0.0
0.0,1.0,0.0,0.0
0.0,0.775,0.225,0.4404
0.0,1.0,0.0,0.0
0.437,0.563,0.0,-0.4767
0.394,0.606,0.0,-0.5994
0.0,1.0,0.0,0.0
0.232,0.596,0.172,-0.4215
0.0,1.0,0.0,0.0
0.385,0.615,0.0,-0.4824
0.0,0.641,0.359,0.6808
0.0,0.743,0.257,0.6808
0.0,1.0,0.0,0.0
0.0,0.678,0.322,0.8591
0.262,0.298,0.44,0.4588
0.0,0.653,0.347,0.8173
0.135,0.865,0.0,-0.3612
0.0,0.602,0.398,0.5106
0.259,0.741,0.0,-0.1027
0.0,1.0,0.0,0.0
0.697,0.303,0.0,-0.7841
0.365,0.635,0.0,-0.3182
0.0,0.791,0.209,0.4404
0.307,0.545,0.149,-0.4939
0.368,0.632,0.0,-0.5423
0.107,0.893,0.0,-0.2023
0.0,1.0,0.0,0.0
0.0,1.0,0.0,0.0
0.0,0.611,0.389,0.7906
0.0,0.775,0.225,0.4404
0.0,0.444,0.556,0.8176
0.0,0.691,0.309,0.7003
0.0,0.671,0.329,0.5994
0.0,0.818,0.182,0.4404
0.0,0.897,0.103,0.3875
0.0,0.818,0.182,0.25
0.121,0.535,0.344,0.5809
0.0,0.758,0.242,0.7251
0.0,1.0,0.0,0.0
0.161,0.839,0.0,-0.3182
0.0,0.769,0.231,0.4019
0.252,0.748,0.0,-0.4019
0.0,0.775,0.225,0.4404
0.0,0.0,1.0,0.296
0.0,1.0,0.0,0.0
0.0,0.623,0.377,0.8658
0.13,0.764,0.106,-0.0951
0.0,0.569,0.431,0.8442
0.0,0.623,0.377,0.2057
0.0,1.0,0.0,0.0
0.0,1.0,0.0,0.0
0.0,1.0,0.0,0.0
0.0,0.859,0.141,0.3182
0.0,0.651,0.349,0.7096
0.0,0.526,0.474,0.6597
0.0,1.0,0.0,0.0
0.0,0.82,0.18,0.5574
0.0,1.0,0.0,0.0
0.0,0.818,0.182,0.4404
0.219,0.781,0.0,-0.1027
0.0,1.0,0.0,0.0
0.0,0.357,0.643,0.5574
0.0,0.844,0.156,0.34
0.0,0.812,0.188,0.5267
0.392,0.417,0.192,-0.34
0.0,1.0,0.0,0.0
0.0,0.354,0.646,0.743
0.085,0.566,0.349,0.694
0.0,0.882,0.118,0.34
0.0,1.0,0.0,0.0
0.113,0.887,0.0,-0.5106
0.0,0.73,0.27,0.4019
0.0,0.874,0.126,0.0762
0.0,1.0,0.0,0.0
0.0,1.0,0.0,0.0
0.215,0.726,0.059,-0.7018
0.272,0.647,0.082,-0.7761
0.0,1.0,0.0,0.0
0.0,1.0,0.0,0.0
0.225,0.775,0.0,-0.4404
0.109,0.703,0.187,0.25
0.0,1.0,0.0,0.0
0.286,0.714,0.0,-0.1531
0.0,0.784,0.216,0.296
0.0,1.0,0.0,0.0
0.0,1.0,0.0,0.0
0.0,0.762,0.238,0.2924
0.0,0.508,0.492,0.4404
0.0,0.784,0.216,0.296
0.209,0.523,0.267,0.25
0.0,0.85,0.15,0.3182
0.0,1.0,0.0,0.0
0.141,0.606,0.253,0.2732
0.0,0.506,0.494,0.7783
0.0,0.792,0.208,0.6705
0.0,0.471,0.529,0.5423
0.0,0.556,0.444,0.6597
0.0,0.69,0.31,0.6597
0.0,0.571,0.429,0.5423
0.143,0.759,0.097,-0.2732
0.0,0.776,0.224,0.3804
0.0,0.667,0.333,0.3612
0.0,0.753,0.247,0.3182
0.0,0.827,0.173,0.3182
0.0,0.632,0.368,0.7501
0.0,1.0,0.0,0.0
0.0,0.796,0.204,0.3182
0.0,1.0,0.0,0.0
0.0,0.662,0.338,0.6249
0.0,0.486,0.514,0.7506
0.0,0.588,0.412,0.7717
0.0,0.532,0.468,0.8316
0.0,0.581,0.419,0.6195
0.0,0.497,0.503,0.7964
0.218,0.682,0.1,-0.3818
0.0,0.536,0.464,0.6369
0.0,0.652,0.348,0.4939
0.0,0.395,0.605,0.802
0.0,0.506,0.494,0.8316
0.0,0.571,0.429,0.5423
0.0,0.82,0.18,0.296
0.0,0.465,0.535,0.7096
0.0,0.732,0.268,0.296
0.0,0.542,0.458,0.765
0.0,1.0,0.0,0.0
0.0,0.571,0.429,0.5423
0.0,0.753,0.247,0.3182
0.0,0.313,0.687,0.9214
0.0,0.723,0.277,0.3182
0.0,0.784,0.216,0.296
0.0,0.837,0.163,0.5994
0.0,1.0,0.0,0.0
0.0,0.827,0.173,0.3182
0.0,0.635,0.365,0.5574
0.0,0.792,0.208,0.6124
0.195,0.729,0.076,-0.4449
0.0,0.559,0.441,0.7845
0.207,0.621,0.172,0.128
0.524,0.476,0.0,-0.296
0.0,0.876,0.124,0.34
0.0,0.84,0.16,0.4939
0.0,0.481,0.519,0.9001
0.398,0.602,0.0,-0.5106
0.0,0.874,0.126,0.3182
0.0,0.599,0.401,0.8658
0.0,1.0,0.0,0.0
0.0,1.0,0.0,0.0
0.0,0.734,0.266,0.4404
0.0,0.705,0.295,0.5574
0.0,0.839,0.161,0.3182
0.163,0.602,0.235,-0.2023
0.169,0.606,0.225,0.0772
0.0,0.751,0.249,0.5106
0.0,0.753,0.247,0.3182
0.0,0.791,0.209,0.4404
0.0,0.526,0.474,0.836
0.0,1.0,0.0,0.0
0.0,1.0,0.0,0.0
0.0,0.769,0.231,0.4019
0.0,1.0,0.0,0.0
0.0,0.667,0.333,0.3612
0.508,0.492,0.0,-0.4767
0.565,0.435,0.0,-0.3818
0.387,0.613,0.0,-0.8481
0.0,0.738,0.262,0.5994
0.0,0.444,0.556,0.3612
0.0,1.0,0.0,0.0
0.0,1.0,0.0,0.0
0.065,0.74,0.195,0.6597
0.0,1.0,0.0,0.0
0.524,0.476,0.0,-0.6705
0.0,1.0,0.0,0.0
0.0,0.726,0.274,0.5267
0.0,1.0,0.0,0.0
0.524,0.476,0.0,-0.5106
0.0,1.0,0.0,0.0
0.401,0.599,0.0,-0.7713
0.0,1.0,0.0,0.0
0.0,0.536,0.464,0.6369
0.0,0.722,0.278,0.4019
0.0,0.815,0.185,0.3612
0.306,0.694,0.0,-0.296
0.0,1.0,0.0,0.0
0.444,0.556,0.0,-0.4939
0.081,0.919,0.0,-0.3182
0.0,0.577,0.423,0.765
0.0,1.0,0.0,0.0
0.361,0.639,0.0,-0.8625
0.0,1.0,0.0,0.0
0.0,0.748,0.252,0.4019
0.0,1.0,0.0,0.0
0.294,0.706,0.0,-0.6124
0.219,0.781,0.0,-0.1027
0.078,0.782,0.14,0.2732
0.0,1.0,0.0,0.0
0.0,0.706,0.294,0.3612
0.537,0.463,0.0,-0.7003
0.0,0.267,0.733,0.6705
0.117,0.667,0.217,0.296
0.0,1.0,0.0,0.0
0.276,0.476,0.248,-0.0772
0.545,0.455,0.0,-0.7184
0.0,1.0,0.0,0.0
0.351,0.649,0.0,-0.4019
0.0,1.0,0.0,0.0
0.0,1.0,0.0,0.0
0.0,1.0,0.0,0.0
0.278,0.722,0.0,-0.4019
0.0,0.8,0.2,0.3612
0.0,0.714,0.286,0.4215
0.73,0.27,0.0,-0.4019
0.462,0.538,0.0,-0.6486
0.14,0.86,0.0,-0.0772
0.574,0.426,0.0,-0.4019
0.0,1.0,0.0,0.0
0.0,1.0,0.0,0.0
0.0,1.0,0.0,0.0
0.0,0.824,0.176,0.6369
0.431,0.325,0.244,-0.5367
0.456,0.409,0.135,-0.6705
0.0,0.683,0.317,0.802
0.0,1.0,0.0,0.0
0.435,0.565,0.0,-0.6597
0.484,0.516,0.0,-0.8176
0.278,0.722,0.0,-0.4019
0.0,0.577,0.423,0.296
0.552,0.448,0.0,-0.5719
0.722,0.278,0.0,-0.3818
0.0,1.0,0.0,0.0
0.0,1.0,0.0,0.0
0.0,0.553,0.447,0.836
0.0,1.0,0.0,0.0
0.351,0.649,0.0,-0.4019
0.565,0.435,0.0,-0.6369
0.298,0.702,0.0,-0.5267
0.0,0.674,0.326,0.4404
0.0,0.809,0.191,0.3818
0.0,1.0,0.0,0.0
0.351,0.649,0.0,-0.4019
0.166,0.644,0.19,0.1779
0.0,1.0,0.0,0.0
0.0,1.0,0.0,0.0
0.0,1.0,0.0,0.0
0.0,1.0,0.0,0.0
0.0,0.435,0.565,0.0772
0.73,0.27,0.0,-0.4019
0.253,0.623,0.124,-0.5132
0.103,0.661,0.236,0.4939
0.41,0.59,0.0,-0.7401
0.0,1.0,0.0,0.0
0.098,0.797,0.105,0.0516
0.0,1.0,0.0,0.0
0.259,0.741,0.0,-0.4215
0.073,0.782,0.145,0.3182
0.0,1.0,0.0,0.0
0.0,1.0,0.0,0.0
0.0,1.0,0.0,0.0
0.0,0.714,0.286,0.5267
0.0,1.0,0.0,0.0
0.0,0.492,0.508,0.4767
0.0,1.0,0.0,0.0
0.0,1.0,0.0,0.0
0.0,0.848,0.152,0.4168
0.0,1.0,0.0,0.0
0.0,1.0,0.0,0.0
0.0,1.0,0.0,0.0
0.119,0.685,0.196,0.1531
0.248,0.54,0.213,-0.2732
0.292,0.708,0.0,-0.5106
0.0,0.457,0.543,0.6059
0.0,1.0,0.0,0.0
0.0,0.827,0.173,0.3182
0.23,0.601,0.169,-0.0274
0.0,0.901,0.099,0.0258
0.0,1.0,0.0,0.0
0.552,0.448,0.0,-0.5719
0.0,1.0,0.0,0.0
0.0,1.0,0.0,0.0
0.0,1.0,0.0,0.0
0.0,1.0,0.0,0.0
0.0,1.0,0.0,0.0
0.0,1.0,0.0,0.0
0.0,0.762,0.238,0.3612
0.0,0.775,0.225,0.4404
0.346,0.385,0.269,-0.1531
0.0,0.762,0.238,0.3612
0.0,1.0,0.0,0.0
0.0,0.917,0.083,0.2263
0.0,1.0,0.0,0.0
0.0,1.0,0.0,0.0
0.315,0.685,0.0,-0.5574
0.0,1.0,0.0,0.0
0.0,1.0,0.0,0.0
0.0,1.0,0.0,0.0
0.302,0.698,0.0,-0.3818
0.0,1.0,0.0,0.0
1.0,0.0,0.0,-0.5267
0.0,1.0,0.0,0.0
0.32,0.68,0.0,-0.5719
0.0,1.0,0.0,0.0
0.0,0.725,0.275,0.4215
0.429,0.159,0.413,-0.0258
0.177,0.823,0.0,-0.2023
0.0,1.0,0.0,0.0
0.0,0.927,0.073,0.3182
0.0,1.0,0.0,0.0
0.337,0.663,0.0,-0.7277
0.0,0.879,0.121,0.4404
0.0,1.0,0.0,0.0
0.0,1.0,0.0,0.0
0.185,0.815,0.0,-0.3612
0.376,0.495,0.128,-0.362
0.197,0.803,0.0,-0.4019
0.0,1.0,0.0,0.0
0.524,0.476,0.0,-0.296
0.0,0.588,0.412,0.4215
0.0,0.429,0.571,0.9432
0.0,1.0,0.0,0.0
0.286,0.714,0.0,-0.4215
0.0,1.0,0.0,0.0
0.0,0.772,0.228,0.6808
0.0,1.0,0.0,0.0
0.0,1.0,0.0,0.0
0.0,1.0,0.0,0.0
0.565,0.435,0.0,-0.5994
0.149,0.743,0.108,-0.0516
0.0,1.0,0.0,0.0
0.0,1.0,0.0,0.0
0.0,1.0,0.0,0.0
0.0,1.0,0.0,0.0
0.0,0.305,0.695,0.5511
0.167,0.679,0.154,-0.0516
0.0,1.0,0.0,0.0
0.168,0.588,0.244,0.2263
0.103,0.712,0.185,0.4767
0.323,0.538,0.139,-0.8176
0.0,1.0,0.0,0.0
0.0,0.674,0.326,0.4404
0.574,0.426,0.0,-0.4019
0.0,0.777,0.223,0.3182
0.0,1.0,0.0,0.0
0.0,0.674,0.326,0.4404
0.237,0.526,0.237,0.0
0.258,0.663,0.079,-0.63
0.0,1.0,0.0,0.0
0.0,0.706,0.294,0.3612
0.333,0.667,0.0,-0.5423
0.0,1.0,0.0,0.0
0.0,1.0,0.0,0.0
0.0,0.0,1.0,0.5859
0.0,1.0,0.0,0.0
0.0,1.0,0.0,0.0
0.0,0.857,0.143,0.3612
0.0,0.637,0.363,0.8126
0.159,0.706,0.135,-0.1027
0.0,1.0,0.0,0.0
0.0,0.66,0.34,0.5574
0.574,0.426,0.0,-0.4019
0.0,0.741,0.259,0.4215
0.0,0.805,0.195,0.4404
0.643,0.357,0.0,-0.6597
0.524,0.476,0.0,-0.5106
0.0,1.0,0.0,0.0
0.0,1.0,0.0,0.0
0.0,1.0,0.0,0.0
0.0,0.777,0.223,0.7841
0.524,0.476,0.0,-0.296
0.0,0.824,0.176,0.4939
0.203,0.405,0.392,0.34
0.0,0.37,0.63,0.1779
0.0,1.0,0.0,0.0
0.0,0.351,0.649,0.5719
0.0,1.0,0.0,0.0
0.0,1.0,0.0,0.0
0.318,0.682,0.0,-0.3818
0.0,0.67,0.33,0.6623
0.0,0.822,0.178,0.0772
0.126,0.749,0.124,-0.0258
0.0,1.0,0.0,0.0
0.0,1.0,0.0,0.0
0.0,1.0,0.0,0.0
0.0,1.0,0.0,0.0
0.387,0.43,0.183,-0.4404
0.474,0.526,0.0,-0.4019
